id,predicted_price
0,363819.635
1,861858.575
2,1005712.85
3,2107951.75
4,728698.3916666667
5,250974.75
6,825822.165
7,639281.375
8,412657.26
9,542495.835
10,655542.5
11,386839.125
12,252852.75
13,324740.84
14,287948.0
15,1117234.05
16,857984.925
17,934692.95
18,389986.25
19,423918.605
20,491889.605
21,1067795.75
22,674249.33
23,606725.935
24,532022.03
25,528597.375
26,250103.55
27,224177.34
28,321542.24
29,579271.86
30,345679.9233333333
31,432495.695
32,538119.83
33,222059.74
34,434799.54
35,1007010.39
36,858567.365
37,427679.915
38,386899.95
39,1788037.45
40,515672.0
41,234377.895
42,309159.59
43,417295.5
44,328677.46166666667
45,256991.395
46,442058.485
47,486938.245
48,414487.25
49,812310.3
50,514188.59
51,549700.25
52,459807.66833333333
53,527474.9316666666
54,542820.285
55,1247722.1
56,328269.225
57,708469.335
58,448322.25
59,693120.19
60,412019.075
61,296464.54
62,232646.25
63,614432.51
64,420831.0033333333
65,181665.98
66,334770.46
67,835006.05
68,579662.7
69,939810.2
70,348835.845
71,386499.695
72,829576.88
73,956204.7383333334
74,455233.0
75,906071.705
76,1188589.925
77,205991.26
78,578789.245
79,1342264.5333333332
80,762372.955
81,433877.005
82,651437.855
83,244625.225
84,973380.5
85,497440.38
86,422808.225
87,757814.5
88,396624.1
89,478411.0
90,235543.2
91,420730.66
92,621921.135
93,1202503.75
94,587950.725
95,490259.01
96,268085.47
97,258750.43333333332
98,744360.985
99,525872.74
100,246113.815
101,1253419.71
102,516296.85
103,314770.6616666666
104,989292.8
105,261996.7666666667
106,492523.34
107,468672.85
108,705656.0766666667
109,2246876.65
110,331522.17
111,236382.0
112,588385.27
113,765725.64
114,547567.085
115,296922.91
116,238228.39666666667
117,341355.775
118,305240.68041666667
119,439794.23
120,537566.155
121,442617.875
122,446437.45
123,221234.185
124,409323.89
125,792622.745
126,224145.69
127,896888.415
128,303975.705
129,408025.75
130,464688.25
131,427398.95
132,320235.61
133,809343.325
134,288635.95
135,598943.25
136,365939.85
137,307850.935
138,1189885.4
139,662095.09
140,507164.345
141,711350.13
142,768230.0
143,418181.5
144,228732.125
145,354538.15
146,388137.22
147,196124.0
148,419938.975
149,546993.39
150,856245.485
151,911388.25
152,555700.815
153,1745658.45
154,820650.315
155,1006923.89
156,575146.44
157,396333.9
158,596712.64
159,347481.805
160,718813.1966666668
161,427056.525
162,262608.69
163,315253.05
164,334655.735
165,361220.04166666674
166,209202.49
167,266620.005
168,575289.04
169,359297.955
170,825923.57
171,363458.14
172,267836.5833333334
173,678024.795
174,388655.94
175,333622.87
176,240038.81
177,505009.75
178,245437.125
179,358446.86875
180,282746.75
181,482985.5
182,533057.79
183,686796.5
184,870297.32
185,356027.18
186,164156.09166666667
187,511983.96
188,617524.9
189,520319.035
190,216307.305
191,792472.33
192,924670.7
193,781266.365
194,329002.64
195,529808.52
196,430982.175
197,1492712.95
198,641764.71
199,416065.425
200,479101.255
201,311435.875
202,607384.58
203,1374099.325
204,948454.705
205,357944.91
206,600086.375
207,309420.3
208,601343.05
209,751198.0
210,322611.805
211,278495.5
212,499863.0
213,456184.75
214,382777.1
215,691980.0
216,601801.7
217,303444.96
218,479997.66
219,499957.485
220,2123536.65
221,532110.665
222,720429.51
223,289062.2175
224,547233.5
225,577535.5
226,538313.2116666667
227,1088067.15
228,863692.125
229,344009.525
230,337929.525
231,257891.24
232,714493.905
233,200807.54
234,340088.42
235,305946.08
236,200191.73
237,299053.25
238,2481231.0
239,393845.35
240,348057.035
241,518890.52
242,694154.36
243,329841.19
244,382808.02
245,318256.305
246,402037.24
247,549090.78
248,1019206.58
249,664740.28
250,721222.27
251,577672.3983333333
252,447268.48
253,509554.55
254,550082.24
255,328525.85
256,365845.305
257,332773.9
258,993785.73
259,282632.945
260,2641838.75
261,360919.375
262,722492.9
263,829507.575
264,628482.29
265,611150.835
266,884243.75
267,246800.0
268,419982.015
269,568832.315
270,403492.95
271,565121.9083333333
272,336318.805
273,557867.89
274,439499.51
275,1374695.75
276,190588.62833333336
277,347486.0
278,573430.03
279,441883.7
280,245810.29
281,714209.4
282,309685.89
283,512270.25
284,358438.6833333333
285,634788.35
286,335876.25
287,656843.015
288,399619.45
289,359914.775
290,513069.055
291,466880.5816666667
292,191518.74000000005
293,227884.71666666667
294,852043.55
295,738693.3
296,501868.25
297,227352.575
298,447611.15
299,793367.375
300,585857.085
301,537506.26
302,391102.33
303,646223.01
304,367361.87
305,731511.5
306,460037.5
307,431346.375
308,258693.0
309,388503.69
310,246439.145
311,822242.0
312,824558.325
313,1325658.75
314,889801.895
315,272336.235
316,958624.0
317,242793.185
318,992298.15
319,382600.35
320,315720.9
321,567356.6233333333
322,329292.64
323,211824.575
324,455883.08
325,372203.135
326,772895.495
327,419113.505
328,269758.4583333334
329,189157.95
330,653187.065
331,310170.43
332,301126.65
333,293018.23
334,449575.0
335,395115.965
336,610137.4916666667
337,314238.895
338,1310679.5
339,208653.9583333333
340,1435580.0
341,565310.0
342,576024.9
343,586436.8366666667
344,841974.25
345,879470.7
346,525524.86
347,342104.45
348,541771.3416666667
349,887622.12
350,213113.81333333332
351,465389.125
352,383468.26
353,1040227.21
354,242339.0
355,683025.94
356,571022.255
357,813379.075
358,702154.9116666666
359,777377.54
360,389057.325
361,1165071.665
362,260737.045
363,690906.31
364,757739.09
365,263891.75
366,672965.165
367,253274.305
368,1429034.24
369,321884.245
370,485914.3
371,465159.75
372,555720.3
373,519050.42
374,493782.325
375,299462.0
376,243929.01
377,787031.425
378,240316.605
379,466798.435
380,501840.235
381,585183.125
382,728613.97
383,386315.625
384,431572.7
385,292018.41
386,377265.39
387,577150.405
388,515707.32166666666
389,522224.04
390,578542.25
391,399397.1666666666
392,582808.64
393,511549.51
394,576675.04
395,335687.49
396,259818.8075
397,1131585.1416666666
398,832053.155
399,403726.0
400,293114.19875
401,417227.92
402,791784.865
403,270056.36
404,487361.19
405,466682.6
406,568940.225
407,592588.5
408,284771.95
409,367573.07
410,479922.8
411,394781.695
412,531195.935
413,595557.35
414,231599.985
415,337353.09
416,647207.2
417,520126.125
418,1051910.2
419,412448.24
420,407610.105
421,453365.875
422,263188.085
423,801871.605
424,425571.645
425,586650.125
426,356427.0
427,689300.265
428,534875.0
429,263741.585
430,639546.005
431,517907.37
432,878381.58
433,355280.71
434,693351.705
435,515032.35666666663
436,577414.2916666666
437,557693.5916666667
438,527109.29
439,249242.675
440,748850.865
441,350574.57
442,552359.785
443,216852.325
444,345001.325
445,337518.97
446,374603.895
447,2250055.45
448,359419.625
449,1124229.46
450,516303.35
451,194421.125
452,552145.08
453,464428.61
454,378668.5
455,731602.75
456,350375.75
457,795697.74
458,372707.945
459,293596.045
460,434676.41
461,546477.1
462,1268983.985
463,521321.755
464,1451214.2
465,547907.82
466,457069.79666666663
467,645537.5983333333
468,855448.105
469,459395.625
470,669071.31
471,447579.595
472,389452.69
473,1363302.0464285715
474,477554.44
475,463621.665
476,295274.505
477,398113.505
478,379201.625
479,320583.99
480,192611.55
481,231302.625
482,349239.425
483,364520.325
484,404879.4
485,452304.63
486,625125.615
487,264866.3
488,744543.825
489,314376.215
490,647549.355
491,698471.42
492,628333.275
493,600935.195
494,1246450.1
495,346633.55
496,824380.64
497,348936.13
498,524607.945
499,388892.05
500,323386.785
501,404666.67
502,409261.49
503,602658.515
504,327417.15
505,645073.7
506,647422.25
507,936874.875
508,413083.02916666673
509,495558.585
510,1422124.3214285714
511,684863.99
512,914899.25
513,684311.365
514,340382.84
515,740674.125
516,418667.135
517,216879.675
518,332978.46
519,294395.5
520,305080.185
521,662022.505
522,533219.5
523,314739.7
524,584246.59
525,246385.04
526,529766.23
527,279403.935
528,929915.42
529,498722.85
530,911679.15
531,427183.95
532,1014707.7
533,430234.175
534,234145.46333333335
535,258618.195
536,327153.2125
537,914723.485
538,552075.495
539,854757.82
540,555624.9
541,339949.795
542,1030174.75
543,252256.14958333335
544,1508444.775
545,515872.1
546,328735.645
547,1349496.3
548,632034.6
549,304375.5466666667
550,660439.7
551,366479.045
552,652397.8
553,1546349.5
554,279544.26
555,487753.015
556,270590.8516666667
557,295456.49
558,234742.445
559,736988.04
560,380627.15
561,258090.1575
562,564828.95
563,506607.795
564,170306.165
565,808218.06
566,233930.525
567,626811.455
568,231212.04625
569,640942.515
570,542451.8
571,377898.11
572,718172.905
573,266638.165
574,366048.43
575,273128.0416666666
576,311778.5875
577,450610.085
578,429185.21
579,649297.51
580,371967.125
581,778082.165
582,826433.55
583,327668.785
584,265717.38
585,356091.0
586,235659.96
587,354685.25
588,277988.1041666666
589,399988.53
590,395777.425
591,781564.945
592,294109.625
593,225297.49
594,523551.11
595,431718.875
596,885933.68
597,691930.7
598,940169.265
599,352605.815
600,487522.6
601,405930.75
602,781496.6683333335
603,166459.7425
604,339339.725
605,242922.025
606,429935.045
607,301749.81
608,304611.67
609,531565.415
610,796140.925
611,207619.92
612,470941.86
613,366356.03
614,489593.94
615,232432.07
616,289510.525
617,364382.33
618,483042.025
619,621230.41
620,1072937.95
621,555787.54
622,2461891.75
623,671517.0
624,871813.12
625,781848.72
626,320663.995
627,645901.55
628,1184616.35
629,631280.69
630,315309.5
631,264306.25
632,383599.0
633,905898.235
634,421585.2
635,571136.755
636,438921.25
637,558390.25
638,258650.45
639,519136.505
640,501044.8083333333
641,868363.265
642,730368.525
643,515211.7466666667
644,372141.7
645,645138.15
646,321869.475
647,878718.805
648,314945.08
649,235895.3925
650,804841.775
651,418278.6
652,480612.74
653,357811.225
654,2117886.5
655,506672.5
656,636313.605
657,700666.585
658,604189.12
659,576983.745
660,258873.405
661,291182.795
662,297314.0
663,1169434.535
664,423015.515
665,446136.065
666,850068.75
667,339792.6525
668,450289.43
669,453732.8
670,1488723.2
671,589758.42
672,857656.01
673,827314.92
674,474122.155
675,731715.7
676,629366.41
677,562650.75
678,349828.65
679,614239.79
680,518902.205
681,478781.9
682,645487.625
683,138241.43375
684,575312.15
685,511556.79
686,423190.35
687,597652.34
688,785808.58
689,315813.86
690,252852.75
691,225991.0
692,403248.525
693,632323.875
694,654826.5
695,301747.50166666665
696,316208.4083333333
697,481642.0
698,253430.835
699,1065197.64
700,351729.83833333326
701,358716.17
702,263236.56
703,394131.52
704,634829.75
705,403380.905
706,1000651.6
707,927505.025
708,1009871.555
709,246786.755
710,492005.02
711,539471.77
712,240670.025
713,378783.315
714,446894.38
715,243650.335
716,537495.7
717,372877.57
718,394421.725
719,523247.19
720,290823.675
721,643913.06
722,543391.83
723,493627.5933333334
724,758010.855
725,340425.5
726,778020.95
727,560825.315
728,306602.495
729,544794.02
730,218081.31
731,432703.325
732,1004461.55
733,1046162.6433333334
734,438212.825
735,229378.42
736,264147.1583333334
737,857417.735
738,956271.1
739,317925.4483333333
740,325538.28
741,344460.115
742,387170.0433333333
743,1419513.55
744,158974.875
745,204608.5
746,193049.95
747,494092.94
748,369206.81
749,696168.875
750,995338.6066666666
751,435460.37
752,293619.13
753,752399.93
754,327327.97
755,711145.67
756,545860.68
757,448272.53
758,525189.07
759,514494.615
760,217183.58291666667
761,468471.28
762,546842.845
763,426799.855
764,403754.525
765,854113.95
766,559235.3
767,701040.55
768,847914.95
769,750068.47
770,243581.61666666667
771,550226.245
772,401350.18
773,593207.0
774,593842.395
775,235177.22
776,308528.9
777,503790.5
778,330709.4530952381
779,535719.02
780,445486.92
781,607114.75
782,548325.565
783,268647.565
784,320093.275
785,193258.5
786,227620.835
787,536582.36
788,270921.85
789,402904.37
790,519986.245
791,384945.525
792,294706.06
793,412903.75
794,489372.345
795,485384.875
796,317466.05
797,1309420.85
798,524544.9633333333
799,450115.20833333326
800,546628.7
801,889067.76
802,451411.8
803,226445.715
804,476437.53
805,333838.1
806,422431.94
807,928762.85
808,326900.65
809,506982.62
810,596289.435
811,490381.44
812,607393.13
813,476230.44
814,802571.915
815,1001728.0
816,306680.76666666666
817,1945081.05
818,388793.245
819,590512.83
820,406884.74
821,291911.86
822,558131.985
823,474175.01
824,281324.72
825,776329.99
826,629394.355
827,250546.2835714286
828,269853.11
829,341142.25
830,441983.953
831,799176.165
832,575884.365
833,323595.7
834,520631.635
835,455484.425
836,233121.3
837,461924.775
838,223229.26
839,374263.75
840,543333.03
841,454266.005
842,258098.98
843,477461.45
844,586258.17
845,619827.12
846,800071.57
847,476608.62
848,349958.64
849,454179.4166666666
850,358563.69
851,840342.495
852,853695.595
853,450280.9866666667
854,443853.94
855,283115.84
856,788344.75
857,535098.72
858,381083.45
859,1488330.85
860,388836.125
861,312321.835
862,839247.875
863,769305.1883333335
864,461019.25
865,482259.075
866,412554.585
867,205874.84
868,671855.95
869,559342.33
870,284765.98
871,450187.595
872,309198.86
873,348944.26
874,192568.63333333333
875,312266.98
876,302732.74
877,354312.545
878,256003.46
879,357762.565
880,928200.45
881,615984.015
882,375773.61
883,620966.595
884,338337.225
885,158778.5125
886,393487.775
887,344819.165
888,615795.055
889,220217.5
890,478037.225
891,897861.65
892,749672.445
893,624152.17
894,502411.25
895,325705.775
896,845696.07
897,726118.5
898,802916.615
899,367690.75
900,518440.5
901,923337.905
902,458550.25
903,198498.84166666667
904,1232504.65
905,208103.295
906,958357.325
907,328858.085
908,640752.355
909,599894.5
910,462993.28
911,551985.75
912,602640.25
913,710779.1
914,847091.645
915,458092.795
916,615265.755
917,509043.93
918,460279.33
919,233910.2316666667
920,462900.19
921,386591.96
922,448360.32
923,504175.175
924,311252.18166666664
925,262578.0
926,284033.785
927,482576.5
928,662709.2
929,334500.14666666667
930,532160.38
931,512052.97
932,647921.14
933,896202.455
934,696583.255
935,459843.825
936,953833.2833333333
937,530673.555
938,813848.225
939,345051.5
940,1433469.95
941,308536.4
942,252348.78
943,410901.325
944,229287.5
945,427446.535
946,760918.75
947,855974.595
948,1002879.25
949,270277.02166666667
950,238040.055
951,324342.615
952,2341608.75
953,495582.5
954,444965.935
955,901898.4
956,511605.65
957,627296.615
958,922491.7516666666
959,900628.375
960,511706.105
961,383722.7
962,450113.25
963,827421.1316666667
964,615369.13
965,310432.98
966,333630.35
967,277982.92333333334
968,476195.485
969,733317.6
970,516119.65
971,1016258.25
972,289547.18
973,338639.885
974,321878.25
975,205738.11
976,358885.305
977,256114.045
978,266978.525
979,897335.385
980,770610.64
981,296332.75
982,271494.89
983,505379.285
984,211520.895
985,535885.825
986,266788.18
987,846964.58
988,511246.46
989,358928.94
990,324916.82
991,635933.19
992,282173.245
993,847992.73
994,444091.44
995,632236.515
996,435474.0
997,362673.065
998,317679.14999999997
999,262299.805
1000,735127.085
1001,360868.565
1002,492904.465
1003,262739.79833333334
1004,212043.435
1005,213332.83
1006,540584.14
1007,343608.15
1008,360264.04
1009,1056808.245
1010,553893.0
1011,384835.58
1012,383538.55
1013,442105.5
1014,461100.545
1015,1619889.2
1016,434320.46
1017,644839.285
1018,426262.165
1019,291546.86
1020,2798369.15
1021,415594.755
1022,360190.93
1023,386044.8
1024,1006142.9433333332
1025,209919.94666666668
1026,1468469.25
1027,564757.6266666666
1028,480982.535
1029,883730.88
1030,440673.8
1031,626618.75
1032,351912.175
1033,242861.41
1034,530756.25
1035,353511.97
1036,216333.6
1037,534505.47
1038,290723.91
1039,234622.42
1040,425492.505
1041,419989.605
1042,472475.45
1043,497905.1
1044,503198.625
1045,816134.8
1046,423266.52
1047,202285.33416666664
1048,379154.76
1049,1351539.375
1050,351371.45
1051,661750.975
1052,261647.79
1053,498908.74
1054,2572815.55
1055,725082.375
1056,323388.425
1057,369614.365
1058,421014.4716666666
1059,434177.19
1060,736732.15
1061,657430.7116666667
1062,249080.225
1063,1741980.375
1064,621184.74
1065,503068.59
1066,403217.48
1067,233356.75
1068,451658.685
1069,438476.395
1070,988203.7666666666
1071,416721.51
1072,847955.2
1073,220103.875
1074,451238.37
1075,292182.78
1076,302916.9483333333
1077,287598.695
1078,965416.025
1079,317931.72
1080,725170.945
1081,261360.275
1082,390289.775
1083,384873.37
1084,276691.955
1085,664546.53
1086,567597.5
1087,731159.075
1088,604048.675
1089,856680.01
1090,318796.095
1091,1239650.15
1092,247655.5
1093,201354.1875
1094,345907.07
1095,647970.045
1096,468713.355
1097,1103398.795
1098,327557.81
1099,490694.235
1100,300100.25333333336
1101,457386.74
1102,507190.53
1103,939579.575
1104,415603.605
1105,258549.99
1106,732830.1
1107,260631.1
1108,262727.6666666666
1109,525201.245
1110,364597.075
1111,462057.07333333336
1112,315743.62
1113,744354.175
1114,177511.09166666665
1115,345896.515
1116,1272947.37
1117,1174469.33
1118,270910.5
1119,446343.33
1120,860684.93
1121,537160.05
1122,227130.28
1123,480024.535
1124,440095.76
1125,178478.5
1126,613885.995
1127,516850.775
1128,720887.52
1129,353375.975
1130,821263.52
1131,907801.25
1132,477857.535
1133,669650.125
1134,619405.885
1135,299058.01
1136,764360.56
1137,330694.73
1138,205776.06666666665
1139,204659.25
1140,326926.15
1141,583691.0133333333
1142,227025.995
1143,586470.86
1144,409581.25
1145,266708.285
1146,868384.415
1147,471265.83
1148,2193036.0
1149,1111999.0
1150,550149.75
1151,579863.37
1152,536529.83
1153,309079.455
1154,291328.055
1155,1441728.525
1156,309971.36
1157,452261.75
1158,483349.46
1159,659260.7
1160,256847.625
1161,927576.09
1162,569301.135
1163,309812.105
1164,231250.17
1165,469429.555
1166,489401.965
1167,436355.405
1168,234206.0
1169,838985.9
1170,604451.26
1171,539495.26
1172,272823.99
1173,482657.285
1174,636991.53
1175,587837.99
1176,399885.1
1177,360661.75
1178,771838.4
1179,233745.67
1180,455662.255
1181,1218269.1666666667
1182,322372.24
1183,508419.995
1184,1864888.975
1185,500690.735
1186,542381.3550000001
1187,2692292.0
1188,506573.315
1189,517023.655
1190,573309.03
1191,341692.05
1192,844895.695
1193,943076.66
1194,603683.31
1195,503791.92
1196,323567.885
1197,274565.88
1198,555897.875
1199,226209.765
1200,835206.5
1201,494949.0
1202,586276.51
1203,1226418.38
1204,761492.5
1205,334918.51
1206,250282.78833333333
1207,641266.775
1208,750480.26
1209,491408.17333333334
1210,1010620.15
1211,236095.3475
1212,490164.835
1213,585543.39
1214,540759.32
1215,539846.0833333334
1216,562325.815
1217,836306.0
1218,398623.96
1219,712775.73
1220,277018.19166666665
1221,382528.87
1222,467969.75
1223,224862.25
1224,292857.5283333333
1225,308954.245
1226,438818.0
1227,419295.5
1228,424610.305
1229,237382.49
1230,509746.4
1231,588604.635
1232,1113720.05
1233,370734.04
1234,326267.6
1235,239855.75
1236,580172.84
1237,716943.66
1238,298986.2
1239,630454.245
1240,637192.26
1241,360448.47
1242,282127.125
1243,400977.15
1244,715015.67
1245,1772517.95
1246,580651.5
1247,347388.17
1248,451515.965
1249,391270.08
1250,496155.035
1251,689931.55
1252,586414.25
1253,383404.865
1254,362636.49
1255,469349.5
1256,372273.5
1257,396557.63
1258,479488.5
1259,401317.415
1260,504456.28
1261,470059.14
1262,725946.3
1263,436725.505
1264,199672.6666666667
1265,375759.1
1266,373287.73
1267,267091.545
1268,592894.005
1269,170294.0530952381
1270,354242.185
1271,380709.295
1272,626193.6516666667
1273,632675.125
1274,402841.2
1275,748752.52
1276,419827.875
1277,730696.5
1278,783707.63
1279,595166.25
1280,419710.75
1281,397637.335
1282,1311546.94
1283,881339.95
1284,176633.54833333337
1285,321629.565
1286,421393.935
1287,242301.95
1288,907857.85
1289,728028.71
1290,878590.635
1291,249023.265
1292,687635.75
1293,756038.28
1294,205628.875
1295,518045.0
1296,313511.44833333336
1297,582560.02
1298,228652.58
1299,394328.19
1300,274165.895
1301,599694.53
1302,356085.92
1303,236539.0
1304,636915.68
1305,646959.65
1306,575954.54
1307,487122.5
1308,221606.23
1309,652017.7
1310,201352.625
1311,211530.34166666665
1312,603140.6
1313,496976.45
1314,243935.375
1315,356024.51
1316,278502.3875
1317,672636.98
1318,289940.515
1319,295615.6
1320,392794.205
1321,410099.945
1322,299796.3
1323,261883.05
1324,307146.45
1325,851453.55
1326,246783.565
1327,2535839.45
1328,1693843.825
1329,488099.775
1330,643700.19
1331,447024.25
1332,511843.57
1333,565811.54
1334,586078.065
1335,310769.97
1336,785353.11
1337,388335.255
1338,243194.475
1339,957588.05
1340,485315.5
1341,256143.21
1342,259063.5
1343,450989.525
1344,518115.3866666667
1345,533528.3
1346,676661.765
1347,592598.405
1348,546678.855
1349,1108827.5
1350,455492.845
1351,336250.365
1352,418896.3375
1353,555910.94
1354,386042.95
1355,333764.75
1356,640871.4033333333
1357,1894727.25
1358,727691.125
1359,1091656.75
1360,288039.905
1361,191184.90833333335
1362,281544.25
1363,279232.0
1364,280654.25
1365,902888.23
1366,348526.985
1367,420752.54166666674
1368,345476.785
1369,352357.25
1370,596940.4
1371,348103.85
1372,508895.78
1373,702417.435
1374,462828.4216666667
1375,498789.75
1376,252535.08833333332
1377,354008.95
1378,774981.95
1379,200890.0833333333
1380,350552.5
1381,181018.065
1382,404639.7
1383,304178.58
1384,432110.44
1385,638827.25
1386,452568.91
1387,726433.435
1388,445754.36
1389,360693.245
1390,281842.945
1391,443680.19
1392,590245.0
1393,455701.375
1394,483116.625
1395,716711.575
1396,1091207.87
1397,389511.365
1398,381542.6
1399,893236.695
1400,239516.55
1401,1052018.25
1402,994041.34
1403,357418.215
1404,940997.45
1405,296563.705
1406,331088.045
1407,451120.2016666667
1408,270045.74
1409,325740.27
1410,221882.81
1411,368622.35
1412,443736.45
1413,486712.785
1414,443853.94
1415,416616.66
1416,378582.92
1417,763968.435
1418,810520.21
1419,397512.5
1420,442969.34
1421,522651.5
1422,1217836.3
1423,678434.24
1424,252344.605
1425,275293.82
1426,368327.755
1427,188764.95
1428,931137.5
1429,455558.56
1430,724706.64
1431,184053.415
1432,305709.50166666665
1433,952105.25
1434,383511.38
1435,473430.0
1436,519149.84333333327
1437,244491.905
1438,184314.075
1439,491073.86
1440,378973.64
1441,543961.3
1442,191908.645
1443,339251.99
1444,386110.925
1445,353395.475
1446,193280.41666666663
1447,418185.34
1448,537942.48
1449,573762.375
1450,307694.94
1451,325791.73
1452,665870.63
1453,173750.90833333333
1454,355778.035
1455,262302.5
1456,510102.77
1457,918552.93
1458,1717381.95
1459,225496.685
1460,953622.405
1461,569523.09
1462,414240.55
1463,274839.85
1464,753549.0
1465,249919.625
1466,297361.03
1467,708807.715
1468,2346011.75
1469,576905.275
1470,271674.965
1471,412958.285
1472,338277.1616666666
1473,251622.54
1474,544887.97
1475,318304.235
1476,442619.22
1477,328445.775
1478,287870.125
1479,360496.13
1480,375849.72633333335
1481,714664.3
1482,485484.535
1483,337374.705
1484,855749.755
1485,761549.36
1486,396651.36
1487,534696.18
1488,1551906.25
1489,365532.51
1490,654255.45
1491,763133.08
1492,494392.26333333337
1493,525083.48
1494,629818.475
1495,441399.755
1496,347498.28
1497,386651.845
1498,295280.9
1499,406533.745
1500,344425.75
1501,668788.34
1502,839096.785
1503,1234693.245
1504,1605669.95
1505,641808.015
1506,458100.04
1507,395687.25
1508,428472.625
1509,395227.0
1510,252150.68
1511,319508.835
1512,685286.05
1513,299844.105
1514,661344.65
1515,478182.785
1516,518773.52
1517,275086.0
1518,285106.045
1519,783306.85
1520,814358.81
1521,840723.95
1522,439292.28
1523,909311.94
1524,665920.755
1525,184666.25
1526,806299.48
1527,938684.15
1528,368685.505
1529,225104.655
1530,356927.25
1531,464761.39
1532,532465.45
1533,525882.9
1534,756575.455
1535,630928.275
1536,681969.8
1537,289792.03
1538,803969.24
1539,270328.225
1540,387671.23666666663
1541,269360.8883333333
1542,338397.9
1543,320480.225
1544,959036.0
1545,218394.885
1546,247028.57500000004
1547,554156.205
1548,454634.275
1549,392515.64166666666
1550,434300.15
1551,1369184.1
1552,1298414.25
1553,594955.915
1554,242449.875
1555,228963.845
1556,840364.81
1557,402394.2
1558,311561.85
1559,342880.87
1560,359393.015
1561,697617.825
1562,345964.25
1563,1665761.05
1564,406594.33
1565,844294.265
1566,670085.11
1567,220290.505
1568,769694.635
1569,300391.4
1570,611546.26
1571,401325.97
1572,767383.72
1573,432737.39
1574,467809.165
1575,723724.74
1576,629357.055
1577,425064.2
1578,659783.45
1579,639498.95
1580,509578.1
1581,373229.64375
1582,394052.3125
1583,394516.95
1584,374344.335
1585,425573.735
1586,846622.855
1587,1391384.03
1588,166540.06333333332
1589,690666.25
1590,246272.675
1591,264137.4
1592,143128.875
1593,548754.435
1594,1089217.4
1595,271831.76
1596,650779.795
1597,828793.94
1598,352570.195
1599,1430432.0
1600,751320.36
1601,323593.5
1602,929040.0
1603,440945.465
1604,545514.0
1605,553384.75
1606,867786.905
1607,185569.955
1608,561268.905
1609,404929.855
1610,245354.11
1611,1199729.595
1612,281279.97
1613,446617.745
1614,225169.035
1615,498916.87
1616,240428.925
1617,576825.475
1618,459846.945
1619,630371.44
1620,410512.29
1621,727805.38
1622,313547.215
1623,1010043.405
1624,567146.25
1625,179010.01833333337
1626,1719572.8
1627,831575.245
1628,444013.3
1629,246606.60833333337
1630,687439.59
1631,550468.87
1632,202910.85
1633,597027.23
1634,384087.275
1635,405106.02
1636,742506.625
1637,330933.54
1638,652208.59
1639,1280562.85
1640,205951.67
1641,351911.22
1642,710908.625
1643,369445.43
1644,882972.26
1645,415652.33
1646,244500.4166666667
1647,534896.785
1648,269179.045
1649,306034.25
1650,277710.365
1651,341142.515
1652,172504.26666666663
1653,366672.13
1654,823850.595
1655,1004836.75
1656,377456.965
1657,351504.015
1658,299104.855
1659,833229.955
1660,520225.995
1661,720114.12
1662,362800.335
1663,302228.12
1664,602450.835
1665,637478.0
1666,831744.515
1667,584009.04
1668,412330.88
1669,897543.0
1670,495413.76666666666
1671,513969.485
1672,263994.835
1673,505266.625
1674,358033.715
1675,555309.285
1676,458778.69
1677,333257.45666666667
1678,518827.69
1679,403423.27
1680,778400.28
1681,472154.0
1682,310833.75
1683,448256.475
1684,623424.245
1685,530300.77
1686,1120953.54
1687,572389.75
1688,409595.25
1689,478500.54
1690,490815.22
1691,610017.54
1692,502078.19
1693,747978.585
1694,672830.175
1695,729007.385
1696,531514.005
1697,550100.5
1698,1374885.67
1699,255880.03
1700,252476.685
1701,1361965.45
1702,442065.0
1703,368770.43
1704,286069.75
1705,617415.92
1706,162199.7083333333
1707,953378.75
1708,909836.545
1709,1558101.35
1710,709418.5
1711,433588.2
1712,280079.0
1713,415761.94
1714,298722.155
1715,1034102.15
1716,876033.92
1717,1043420.39
1718,332492.6
1719,445499.25
1720,354160.79
1721,388376.995
1722,275240.63333333336
1723,510641.485
1724,477244.5
1725,335857.835
1726,371019.295
1727,327088.09
1728,185704.51642857143
1729,581009.77
1730,393357.2
1731,498637.875
1732,1177696.1666666665
1733,820196.7
1734,354029.0
1735,1346006.5
1736,599127.02
1737,652935.53
1738,246631.045
1739,696148.51
1740,621281.925
1741,516769.32
1742,241153.0
1743,581869.92
1744,824334.695
1745,427137.05
1746,882493.375
1747,374715.225
1748,726702.97
1749,315284.725
1750,493443.365
1751,637697.46
1752,321737.325
1753,476170.595
1754,1080346.8
1755,511544.495
1756,722107.205
1757,1497861.0
1758,359289.385
1759,376022.615
1760,284457.27
1761,344419.955
1762,512657.25
1763,695779.63
1764,458743.09333333327
1765,430328.45
1766,470230.105
1767,484317.5
1768,264783.2
1769,300554.255
1770,834872.2
1771,554915.6
1772,219941.015
1773,285839.33
1774,662984.53
1775,731506.25
1776,1129632.2833333334
1777,187268.955
1778,444128.525
1779,223229.09
1780,203166.5
1781,596839.475
1782,229727.0
1783,1001642.975
1784,797946.375
1785,586200.1
1786,839510.555
1787,335351.49999999994
1788,688438.99
1789,305280.055
1790,736847.76
1791,378413.725
1792,1102972.755
1793,344518.035
1794,546033.755
1795,364149.75
1796,326566.41
1797,412984.35
1798,249779.25
1799,259680.1
1800,423948.105
1801,282326.75
1802,243101.995
1803,273606.1
1804,841984.72
1805,356705.75
1806,283342.47
1807,1034387.725
1808,350546.25
1809,551623.315
1810,767782.92
1811,1009033.29
1812,323868.4166666666
1813,724194.495
1814,585936.5
1815,444947.7
1816,2273000.0
1817,1072440.95
1818,269246.99166666664
1819,816793.9
1820,550992.4
1821,271665.0
1822,546134.555
1823,579831.28
1824,663140.965
1825,444042.15
1826,557507.2
1827,267004.355
1828,491194.905
1829,404499.47
1830,462956.0850000001
1831,309892.995
1832,521931.76
1833,665172.305
1834,352838.0
1835,581264.24
1836,468953.36
1837,261184.495
1838,540280.0
1839,978063.535
1840,318015.31
1841,540122.855
1842,492878.09
1843,598202.7
1844,1633980.0
1845,672286.24
1846,726402.22
1847,361759.115
1848,340773.575
1849,868920.26
1850,443313.785
1851,230470.24166666664
1852,715573.925
1853,361433.25
1854,805433.5
1855,354483.39
1856,792620.355
1857,839060.25
1858,1033835.875
1859,712206.165
1860,274218.795
1861,202548.345
1862,238316.405
1863,717880.7
1864,844607.385
1865,439801.45
1866,691375.34
1867,485243.8
1868,259324.125
1869,408574.24
1870,405432.405
1871,315888.5283333333
1872,315586.015
1873,721589.5
1874,264019.75
1875,370532.91
1876,246416.74
1877,305831.14
1878,337567.13375
1879,429203.26
1880,319612.65
1881,784959.965
1882,323256.59
1883,193083.51333333337
1884,424313.745
1885,619029.895
1886,620446.0
1887,236265.6
1888,274970.75
1889,314797.475
1890,211188.475
1891,668744.5
1892,355555.415
1893,439157.5
1894,319751.13125
1895,552574.275
1896,282359.485
1897,466753.5
1898,643850.85
1899,446592.77
1900,330530.63
1901,812568.05
1902,808488.755
1903,437794.95
1904,281184.12
1905,2129456.0
1906,523450.5
1907,257155.51
1908,455760.93
1909,345471.605
1910,816883.465
1911,332285.225
1912,318921.775
1913,497583.15
1914,801262.125
1915,500218.455
1916,322981.07
1917,678109.235
1918,988107.575
1919,252647.275
1920,288560.5
1921,502902.585
1922,541261.515
1923,599067.5266666666
1924,593601.25
1925,602367.85
1926,459990.775
1927,667813.1683333333
1928,1734939.1
1929,371359.43
1930,263379.265
1931,714170.805
1932,429130.52
1933,212807.9866666667
1934,506194.8
1935,320083.63
1936,729767.6
1937,670975.375
1938,608417.775
1939,508005.745
1940,578608.235
1941,511643.25
1942,1158632.28
1943,306028.795
1944,264921.365
1945,488453.735
1946,710204.355
1947,311191.575
1948,1260958.635
1949,293193.9666666667
1950,239159.25
1951,525349.54
1952,702309.8733333334
1953,375085.97
1954,379550.8425
1955,473739.64
1956,483913.93833333335
1957,340147.9
1958,368789.425
1959,377052.125
1960,159194.57583333334
1961,960361.8
1962,543893.745
1963,752411.425
1964,1166605.015
1965,429835.415
1966,295894.8383333334
1967,265788.47
1968,596210.99
1969,505619.095
1970,529952.935
1971,1157920.0
1972,354000.3025
1973,303513.5
1974,800707.94
1975,469635.95833333326
1976,436040.24
1977,274037.115
1978,445061.6258333333
1979,3468244.0
1980,197652.425
1981,280676.375
1982,540928.75
1983,714400.23
1984,176616.84833333333
1985,503852.675
1986,647316.9
1987,884301.15
1988,643332.625
1989,704846.46
1990,403286.405
1991,545291.035
1992,2348151.65
1993,485072.0
1994,279743.6
1995,334825.925
1996,445136.59
1997,1529597.0
1998,377063.6
1999,951460.16
2000,395903.35
2001,297341.375
2002,495833.7
2003,262630.55
2004,298115.725
2005,1042554.95
2006,338330.2
2007,372327.6
2008,411424.13
2009,265353.76
2010,395777.945
2011,677930.655
2012,361598.0
2013,494043.31
2014,1918531.05
2015,406231.55
2016,1258117.16
2017,727080.305
2018,316375.25
2019,270149.095
2020,859096.855
2021,613865.37
2022,349514.89
2023,829005.275
2024,437608.78
2025,736478.97
2026,593024.675
2027,517109.365
2028,397215.1
2029,483238.5466666667
2030,274554.05
2031,257194.49
2032,582620.055
2033,484366.41666666674
2034,877226.625
2035,423663.625
2036,518312.5
2037,376252.88
2038,321205.675
2039,407373.23
2040,496128.92
2041,395209.815
2042,231220.3125
2043,238435.59
2044,212043.435
2045,403124.98
2046,190350.13125
2047,335494.13
2048,410053.3283333333
2049,493339.76
2050,421138.32
2051,920210.195
2052,859868.3
2053,409943.055
2054,1070300.25
2055,817649.7833333333
2056,228192.32
2057,951208.39
2058,1493786.15
2059,533656.95
2060,510456.25
2061,373621.03
2062,595972.75
2063,314387.355
2064,397339.69
2065,431065.9783333333
2066,228926.75
2067,525552.69
2068,505789.245
2069,315579.0
2070,210863.08333333337
2071,355486.25
2072,884186.2
2073,775948.465
2074,669778.0
2075,918925.73
2076,1308060.8
2077,440049.03
2078,356814.88
2079,269208.7533333333
2080,396458.58
2081,245670.0
2082,251789.06
2083,653564.405
2084,338849.6
2085,250011.29
2086,255616.345
2087,619952.89
2088,365264.43
2089,321548.9375
2090,357245.86
2091,621736.985
2092,507956.82
2093,792797.765
2094,964562.485
2095,371288.7
2096,311808.365
2097,233619.55
2098,610924.285
2099,221445.05250000005
2100,491236.505
2101,814867.23
2102,321927.67
2103,430199.75
2104,1276631.75
2105,512321.5
2106,569888.16
2107,523312.0
2108,443538.49
2109,513728.63
2110,779436.43
2111,530729.925
2112,444419.235
2113,288422.38
2114,316366.875
2115,837165.5
2116,266943.13
2117,874813.015
2118,405099.63
2119,503688.75
2120,419514.995
2121,437411.255
2122,529883.755
2123,500569.645
2124,792570.96
2125,351760.625
2126,585691.295
2127,752259.705
2128,762418.1
2129,294818.685
2130,296298.025
2131,493482.12
2132,469107.635
2133,652670.865
2134,434558.14
2135,473628.87
2136,711849.695
2137,320544.1875
2138,388431.24
2139,514404.215
2140,961893.12
2141,1216057.2
2142,1547664.49
2143,296411.455
2144,302666.30833333335
2145,307796.0
2146,421242.33
2147,375203.23
2148,402714.05
2149,151159.25
2150,479860.865
2151,990274.35
2152,793004.945
2153,495964.0
2154,669869.055
2155,585608.1316666667
2156,573421.0
2157,210437.475
2158,884961.095
2159,311629.935
2160,301492.5
2161,276994.605
2162,269456.49
2163,433485.15833333327
2164,520245.0
2165,633116.705
2166,376995.0
2167,519273.88
2168,964006.25
2169,192204.5
2170,877255.285
2171,485752.3
2172,1088271.58
2173,314154.125
2174,280747.6766666667
2175,668807.495
2176,612054.07
2177,532275.0
2178,293617.82
2179,245985.6
2180,345090.9875
2181,632167.3333333333
2182,350120.45
2183,423813.0
2184,381648.755
2185,598147.5
2186,482369.64
2187,314573.4625
2188,630955.985
2189,814903.4
2190,1167606.05
2191,303353.27
2192,325380.44
2193,397674.7
2194,645605.625
2195,239877.93666666668
2196,615755.19
2197,415881.7
2198,881763.18
2199,267126.80666666664
2200,303318.73333333334
2201,1615303.2
2202,524705.335
2203,431238.88
2204,428818.525
2205,1817354.55
2206,270219.235
2207,251814.635
2208,655849.595
2209,403414.65
2210,902470.79
2211,419847.52
2212,650391.925
2213,364511.515
2214,246458.835
2215,564909.665
2216,429168.44
2217,435635.565
2218,219986.25875
2219,290631.75
2220,859296.845
2221,362271.75
2222,860590.715
2223,226605.87
2224,402480.75
2225,356316.675
2226,470595.965
2227,591567.03
2228,340540.25
2229,361385.9583333334
2230,609308.85
2231,367450.64
2232,5489315.5
2233,340990.0
2234,201776.175
2235,391539.665
2236,280225.625
2237,657928.75
2238,831054.2
2239,344987.935
2240,609908.5
2241,614493.98
2242,583537.125
2243,625095.855
2244,522201.25
2245,454175.375
2246,1050951.12
2247,240931.325
2248,679984.34
2249,453713.255
2250,727740.0916666667
2251,225353.48
2252,631100.855
2253,309640.78
2254,274159.67
2255,500063.75
2256,650088.42
2257,272250.07166666666
2258,526399.0833333333
2259,217981.05
2260,1702755.75
2261,596932.51
2262,375054.935
2263,827990.1166666667
2264,529500.0966666667
2265,316537.425
2266,2013336.0
2267,678644.52
2268,549691.895
2269,629964.085
2270,523377.785
2271,400447.245
2272,506908.5233333334
2273,655286.18
2274,559492.23
2275,383378.0
2276,331458.075
2277,455975.9166666666
2278,862526.25
2279,445108.03
2280,353849.475
2281,579845.515
2282,852867.77
2283,513638.355
2284,486009.685
2285,366144.37
2286,445788.31
2287,237792.5
2288,1086695.7866666666
2289,515770.725
2290,659877.81
2291,327493.6
2292,733452.015
2293,543674.25
2294,293411.18
2295,240181.75
2296,598377.75
2297,307366.9775
2298,298937.55625
2299,278688.75
2300,489027.85
2301,268882.55
2302,631368.335
2303,441029.91
2304,439173.21
2305,1024669.96
2306,681348.2
2307,227640.615
2308,1194487.09
2309,1161323.35
2310,272539.045
2311,357568.85
2312,742736.81
2313,477418.405
2314,261474.1416666667
2315,514218.4166666666
2316,994723.185
2317,591925.255
2318,324565.715
2319,566594.32
2320,444879.935
2321,452606.205
2322,850976.3
2323,375710.5783333333
2324,1570256.25
2325,480704.8
2326,312893.15
2327,977881.5
2328,293478.875
2329,197866.5
2330,447692.65
2331,362842.75
2332,785964.675
2333,235251.355
2334,374440.38
2335,169679.66666666663
2336,262586.765
2337,1102429.1733333333
2338,1307507.5
2339,441854.005
2340,429599.705
2341,249197.245
2342,963092.15
2343,265480.945
2344,722843.915
2345,543114.495
2346,335704.3458333334
2347,230590.41
2348,1737088.8
2349,260380.285
2350,536043.345
2351,280548.265
2352,391191.0
2353,320612.105
2354,413848.91
2355,472680.73
2356,557564.47
2357,320511.5
2358,252438.18333333332
2359,328976.85
2360,231357.585
2361,394327.97
2362,320837.14
2363,1290230.2
2364,538423.405
2365,745533.935
2366,591068.565
2367,993336.75
2368,276378.95
2369,619055.275
2370,319472.515
2371,297815.03
2372,420595.64
2373,1079194.2
2374,642070.5
2375,695199.485
2376,1177413.62
2377,592112.92
2378,467098.185
2379,290887.955
2380,336872.54
2381,337808.325
2382,618717.14
2383,1209728.02
2384,153928.4
2385,453254.43333333335
2386,520196.03
2387,400051.225
2388,714440.58
2389,690368.525
2390,344678.22
2391,422248.75
2392,274095.455
2393,357085.64
2394,665058.535
2395,385096.565
2396,425682.875
2397,392867.395
2398,283612.0
2399,785798.3
2400,389057.66
2401,381960.01
2402,271619.38
2403,854132.085
2404,561646.5
2405,376640.545
2406,365022.33
2407,306378.0
2408,612576.8716666666
2409,199708.1
2410,289874.11333333334
2411,329331.88166666665
2412,594846.0
2413,613471.365
2414,325626.935
2415,258097.795
2416,226431.63
2417,468177.59
2418,438831.395
2419,556877.8333333333
2420,401691.25
2421,241694.98
2422,1829562.95
2423,586443.525
2424,319984.99
2425,296594.395
2426,1041475.75
2427,278863.45
2428,313574.08
2429,868134.4166666667
2430,475854.5
2431,344514.25
2432,388265.12
2433,357403.425
2434,173271.875
2435,614475.6
2436,291455.485
2437,356759.775
2438,1042222.75
2439,692594.99
2440,633437.25
2441,834052.64
2442,533803.75
2443,433481.275
2444,579136.33
2445,1008944.29
2446,323590.525
2447,528209.5
2448,171268.14142857143
2449,505316.25
2450,403399.5
2451,441814.715
2452,419147.7
2453,539398.58
2454,1010979.895
2455,425498.375
2456,267047.63
2457,232090.245
2458,797998.955
2459,301355.0714285714
2460,688390.7
2461,386510.875
2462,857859.7333333334
2463,423534.47
2464,272996.0
2465,407936.86
2466,391320.9533333333
2467,854605.65
2468,250661.495
2469,263262.5
2470,270362.725
2471,313839.125
2472,636784.415
2473,514358.98333333334
2474,445381.315
2475,510064.51
2476,460691.96833333327
2477,508548.835
2478,838784.715
2479,341174.49
2480,244528.535
2481,569099.59
2482,685556.555
2483,423527.355
2484,727395.88
2485,774624.595
2486,503924.0
2487,273745.905
2488,578845.67
2489,610281.5
2490,902769.35
2491,1012634.005
2492,401694.75
2493,322665.21
2494,297513.53
2495,304334.75
2496,825756.78
2497,647142.25
2498,486931.9
2499,641301.695
2500,419000.475
2501,558552.65
2502,538221.175
2503,267874.95
2504,579392.1
2505,3509753.5
2506,507240.76
2507,491598.955
2508,228263.5
2509,280458.25
2510,480976.095
2511,404252.3
2512,287626.03
2513,245343.7
2514,535577.095
2515,673001.505
2516,457924.485
2517,724916.995
2518,799616.515
2519,254357.75
2520,1183611.95
2521,812923.475
2522,378047.96
2523,842603.19
2524,244100.09166666667
2525,430299.875
2526,578249.82
2527,295037.75
2528,390798.045
2529,474555.5
2530,275444.525
2531,751079.775
2532,556408.6
2533,369003.595
2534,1046562.445
2535,330466.47857142857
2536,201102.21333333332
2537,669368.325
2538,1513844.25
2539,269475.495
2540,933379.1
2541,502396.595
2542,816722.695
2543,636709.25
2544,214945.55
2545,517445.3466666666
2546,617442.875
2547,378835.825
2548,1038559.075
2549,190434.21666666665
2550,413885.355
2551,481062.30666666664
2552,467060.0
2553,408990.05
2554,237299.05333333332
2555,247581.73
2556,246306.715
2557,556264.055
2558,251205.125
2559,432127.095
2560,602746.2166666667
2561,393906.49
2562,603599.335
2563,293074.935
2564,303853.8
2565,521891.205
2566,541065.49
2567,667773.815
2568,443135.36
2569,290872.085
2570,478002.175
2571,771652.475
2572,423692.845
2573,216421.185
2574,314881.345
2575,172759.99
2576,751548.97
2577,268847.47
2578,428660.535
2579,275187.095
2580,450401.54
2581,759440.2
2582,741690.0
2583,416871.25
2584,408224.45
2585,646450.595
2586,402032.035
2587,517423.125
2588,595161.435
2589,206548.255
2590,424067.78
2591,376452.495
2592,289982.235
2593,728812.35
2594,693399.75
2595,364101.125
2596,263564.565
2597,514563.265
2598,927518.465
2599,289205.61
2600,455598.75
2601,605940.0
2602,316914.295
2603,165764.86333333334
2604,556598.005
2605,1614278.4
2606,690538.31
2607,275535.82
2608,350396.135
2609,587199.685
2610,901101.2
2611,612016.79
2612,257240.755
2613,386847.335
2614,316761.2
2615,1308747.6
2616,420200.51
2617,582930.195
2618,425531.92
2619,1537193.9
2620,410403.105
2621,608349.325
2622,683646.9983333334
2623,754797.65
2624,336477.2
2625,1109221.94
2626,331342.775
2627,338368.79
2628,472607.955
2629,340579.44
2630,511390.0
2631,376806.41
2632,388277.93041666667
2633,782786.75
2634,274743.835
2635,321408.305
2636,322445.615
2637,286060.995
2638,319714.125
2639,428136.005
2640,1347677.85
2641,489907.08
2642,232085.3
2643,564501.5
2644,448675.605
2645,216434.34
2646,575517.535
2647,808525.815
2648,317697.75
2649,363326.495
2650,596475.75
2651,350305.75
2652,592669.825
2653,219380.02625
2654,2476874.0
2655,291884.18333333335
2656,967891.75
2657,332770.32
2658,551100.725
2659,331261.52
2660,632554.92
2661,460302.7
2662,207337.51416666663
2663,672397.135
2664,623745.4
2665,326010.2
2666,582546.765
2667,406683.92
2668,844610.12
2669,1293087.75
2670,806812.38
2671,232063.105
2672,441945.13
2673,414512.89
2674,466956.225
2675,1009005.345
2676,334565.385
2677,750742.25
2678,390813.335
2679,860966.265
2680,657818.415
2681,350163.62
2682,270006.75
2683,241238.55
2684,344898.335
2685,636143.3533333333
2686,485249.475
2687,880126.125
2688,777181.81
2689,731068.05
2690,520962.0
2691,502693.6
2692,235463.3916666667
2693,453162.33
2694,711970.03
2695,567775.875
2696,978121.22
2697,1505718.75
2698,327832.89
2699,492155.24
2700,649642.69
2701,347681.3
2702,554333.02
2703,351899.73
2704,874560.15
2705,636192.6
2706,708593.855
2707,505556.925
2708,630216.25
2709,214932.595
2710,493299.25
2711,356646.14
2712,754792.75
2713,292459.485
2714,627657.25
2715,793855.14
2716,749800.74
2717,179517.49
2718,593053.035
2719,436498.8825
2720,249155.54
2721,360681.75
2722,469309.505
2723,332857.4633333334
2724,374870.52
2725,516964.28
2726,1944961.8
2727,251047.845
2728,387938.88
2729,409626.125
2730,393960.545
2731,347759.2
2732,395203.115
2733,2978691.0
2734,499564.25
2735,595306.005
2736,344937.66
2737,556968.5
2738,272591.175
2739,358414.66
2740,782170.0
2741,750361.57
2742,304981.925
2743,390821.695
2744,299158.845
2745,610295.71
2746,290640.19
2747,534297.8633333333
2748,300545.04
2749,504501.375
2750,279341.44
2751,348397.66
2752,481176.015
2753,884718.1
2754,736744.25
2755,462469.34166666673
2756,237581.97
2757,551105.085
2758,441283.94
2759,584110.875
2760,860663.365
2761,919826.1
2762,273935.155
2763,480483.225
2764,582829.0
2765,624683.29
2766,225313.545
2767,230580.23833333337
2768,453928.0
2769,328905.075
2770,864702.265
2771,334586.9016666666
2772,484074.34
2773,284333.35
2774,632838.39
2775,649270.945
2776,417320.475
2777,392885.7
2778,406906.215
2779,331761.655
2780,366075.55
2781,421394.52
2782,457868.785
2783,595351.325
2784,236937.395
2785,422956.955
2786,1760476.75
2787,293808.965
2788,1342456.0
2789,582665.185
2790,592943.7
2791,404007.65
2792,951187.5
2793,416231.875
2794,807631.1683333333
2795,554237.25
2796,693869.11
2797,848440.325
2798,329820.76
2799,252064.75
2800,416517.22
2801,488795.725
2802,670890.85
2803,543970.495
2804,496024.35
2805,562647.995
2806,149408.765
2807,817354.035
2808,599894.1
2809,1551479.1
2810,821780.195
2811,589452.05
2812,421268.085
2813,568689.6
2814,429121.725
2815,436058.41333333333
2816,704343.125
2817,312936.865
2818,193333.875
2819,215499.375
2820,1193953.5
2821,376392.6
2822,193282.835
2823,308252.7
2824,1113812.0
2825,510296.99
2826,383101.37
2827,1359146.55
2828,523951.5
2829,262762.565
2830,214376.125
2831,2098063.7
2832,306748.895
2833,386341.875
2834,338212.275
2835,660067.275
2836,727166.335
2837,732830.1
2838,553496.26
2839,450042.95
2840,354337.525
2841,1175104.165
2842,219342.75416666665
2843,315874.9016666667
2844,253368.13
2845,497032.25
2846,427231.78
2847,460098.125
2848,394224.25
2849,267110.75
2850,604432.7
2851,462508.39
2852,326668.46
2853,247596.875
2854,378252.78
2855,373862.675
2856,577651.275
2857,267083.81833333336
2858,740166.475
2859,274407.0
2860,638274.37
2861,249567.195
2862,433134.25
2863,471349.015
2864,839760.8766666666
2865,280603.9975
2866,458530.9
2867,366904.65
2868,636116.775
2869,338390.85
2870,358689.88
2871,529531.265
2872,1956663.5
2873,271511.615
2874,889677.165
2875,214112.36
2876,435929.335
2877,625821.53
2878,590860.925
2879,649821.325
2880,666865.49
2881,674027.01
2882,391852.64
2883,268227.74
2884,549647.465
2885,293406.5
2886,475157.7033333333
2887,265694.925
2888,835375.98
2889,1137276.445
2890,453342.475
2891,179465.78
2892,192252.28
2893,1286988.32
2894,237836.4583333333
2895,258128.05
2896,299919.585
2897,442724.75
2898,652466.865
2899,697991.545
2900,421623.1
2901,298806.415
2902,1094429.95
2903,446598.62
2904,358404.385
2905,1702727.0
2906,1428529.5
2907,1409439.5
2908,232491.525
2909,538170.25
2910,464138.3300000001
2911,542529.355
2912,446773.96
2913,856483.38
2914,791507.75
2915,571044.9
2916,575708.065
2917,624052.83
2918,368611.515
2919,518235.375
2920,409909.275
2921,519722.85
2922,278893.405
2923,416337.985
2924,466358.82
2925,364630.975
2926,479968.22
2927,474214.925
2928,274162.135
2929,268983.35333333333
2930,437561.5
2931,408671.35
2932,480316.1
2933,432258.55
2934,321143.06
2935,2279295.95
2936,1038488.49
2937,572454.45
2938,298740.9625
2939,603706.445
2940,1321716.15
2941,660181.15
2942,657415.95
2943,387372.825
2944,517639.0
2945,336133.645
2946,261636.76
2947,665503.225
2948,249345.285
2949,230593.45
2950,376452.5
2951,222026.485
2952,1143551.8
2953,877864.145
2954,733275.975
2955,539357.365
2956,527370.5
2957,2369429.8
2958,458257.855
2959,537837.065
2960,615003.025
2961,519915.125
2962,587012.54
2963,211684.91333333333
2964,602271.0
2965,767193.37
2966,454107.52
2967,323367.095
2968,619935.365
2969,507438.0
2970,638491.475
2971,426758.33
2972,230735.9
2973,214636.26333333337
2974,409978.5
2975,261758.515
2976,330904.0
2977,202589.945
2978,421474.875
2979,236176.455
2980,634491.25
2981,682746.31
2982,232171.45
2983,666888.365
2984,320095.37
2985,286028.93333333335
2986,216972.9525
2987,486749.765
2988,848185.8
2989,499210.5
2990,731514.26
2991,872992.55
2992,1072731.74
2993,755239.35
2994,320437.25
2995,449804.005
2996,492761.125
2997,501937.475
2998,1212666.94
2999,447077.00333333336
3000,143536.40875
3001,299940.16125
3002,353237.665
3003,487991.81
3004,256285.95
3005,615644.875
3006,378310.47
3007,694880.875
3008,420617.475
3009,536982.055
3010,361628.37
3011,601172.0
3012,453870.79
3013,259951.60000000003
3014,823902.75
3015,540231.6
3016,592873.115
3017,284687.93
3018,445454.57
3019,1673281.8
3020,488038.9
3021,405828.8
3022,654207.96
3023,420174.64
3024,254290.095
3025,536234.0633333334
3026,277452.355
3027,362939.6
3028,628722.895
3029,173113.0
3030,326687.81
3031,375813.605
3032,327191.635
3033,309934.98
3034,293411.625
3035,232043.515
3036,731222.42
3037,565419.155
3038,1093143.75
3039,428237.25
3040,365467.175
3041,436033.0
3042,429802.48
3043,1674402.3
3044,367992.765
3045,387148.75
3046,279309.11
3047,460242.4
3048,827637.33
3049,435183.38
3050,421869.3
3051,226382.855
3052,1012635.555
3053,586892.155
3054,246107.745
3055,232175.60208333333
3056,354926.95
3057,695077.525
3058,484307.745
3059,475409.365
3060,598004.15
3061,136540.445
3062,234345.5975
3063,218938.25
3064,301017.5
3065,390696.13
3066,587380.605
3067,828811.15
3068,555024.9666666668
3069,959040.07
3070,490614.865
3071,1522903.635
3072,472050.545
3073,274854.25
3074,460329.175
3075,230414.72833333336
3076,725412.125
3077,408893.82
3078,384908.5
3079,426728.245
3080,413680.54
3081,411865.375
3082,1824928.375
3083,1067532.345
3084,996549.045
3085,947606.585
3086,476839.25
3087,623883.035
3088,1905756.1
3089,655125.745
3090,448232.8
3091,423940.715
3092,320565.64166666666
3093,585229.49
3094,396538.75
3095,2220709.0
3096,714484.42
3097,864304.06
3098,321664.215
3099,315860.335
3100,249989.12
3101,224696.305
3102,725419.39
3103,644291.445
3104,652512.1
3105,703705.515
3106,557535.56
3107,948458.905
3108,449290.435
3109,284411.8
3110,853206.0
3111,253886.535
3112,651170.5
3113,585568.2783333333
3114,440760.78
3115,386105.195
3116,401850.75
3117,352009.115
3118,1878764.3
3119,426658.495
3120,257968.5
3121,331124.875
3122,307400.755
3123,446935.275
3124,249499.43
3125,293438.525
3126,313023.215
3127,454562.265
3128,350617.0
3129,364456.585
3130,281608.53
3131,573829.295
3132,526457.33
3133,209489.895
3134,520107.995
3135,882130.95
3136,279177.985
3137,596872.0
3138,373532.005
3139,1045539.4
3140,543748.005
3141,324293.94
3142,548053.325
3143,424497.44
3144,1352015.65
3145,358917.9433333333
3146,617895.725
3147,444648.6
3148,484927.83
3149,403941.75
3150,234185.35
3151,1316632.2
3152,458208.33
3153,866435.44
3154,557548.325
3155,382876.69
3156,526016.58
3157,585706.64
3158,533254.375
3159,201004.61666666667
3160,182148.95
3161,240284.545
3162,652480.465
3163,545907.5
3164,333185.2
3165,249473.71
3166,256267.75
3167,190880.88333333333
3168,3248305.0
3169,348202.97
3170,444283.75
3171,722214.235
3172,466554.86
3173,203597.22333333333
3174,261027.115
3175,745457.21
3176,2182556.25
3177,832904.8
3178,522090.815
3179,912548.97
3180,1590196.5
3181,2957986.95
3182,477042.035
3183,469164.615
3184,577833.75
3185,259671.475
3186,301189.71166666667
3187,501677.79
3188,728900.245
3189,210998.665
3190,756074.64
3191,414830.32
3192,1044646.21
3193,2062980.75
3194,513828.0
3195,3197055.65
3196,184733.49
3197,850096.79
3198,1198990.25
3199,462738.5883333334
3200,517368.96
3201,716939.85
3202,569513.25
3203,249237.73
3204,1112759.5
3205,315444.615
3206,236019.875
3207,653269.25
3208,1073261.0
3209,437191.585
3210,273646.4166666666
3211,453793.38
3212,684538.45
3213,533659.375
3214,279784.38
3215,199317.45
3216,1022796.99
3217,662523.445
3218,414155.165
3219,581940.595
3220,544054.05
3221,309048.83
3222,265380.195
3223,404541.125
3224,316264.89375
3225,470080.25
3226,692949.655
3227,271257.9
3228,334356.025
3229,610435.4183333333
3230,304114.09
3231,1302927.75
3232,415600.96
3233,438273.5
3234,771171.0
3235,959010.38
3236,319300.4
3237,735439.935
3238,516702.765
3239,274011.945
3240,309146.035
3241,385041.4
3242,1080149.2
3243,219731.96583333335
3244,206778.0833333333
3245,360871.75
3246,394771.445
3247,375192.965
3248,403593.75
3249,348554.65
3250,468406.75
3251,570034.75
3252,460082.5316666666
3253,713218.005
3254,435529.85
3255,636781.0783333334
3256,463123.79
3257,430147.805
3258,334803.4
3259,546274.85
3260,520177.345
3261,409237.09
3262,394368.04
3263,385413.25
3264,379232.75
3265,1294512.35
3266,586598.4
3267,575861.715
3268,514199.58
3269,660036.77
3270,329704.915
3271,335866.10625
3272,406371.19
3273,375391.2
3274,1259255.95
3275,5821668.25
3276,455264.325
3277,218118.53333333333
3278,538573.9933333334
3279,353816.4
3280,772385.13
3281,326692.75
3282,184631.0783333333
3283,944117.3916666666
3284,589271.125
3285,325386.05
3286,574610.105
3287,274558.25
3288,330296.69
3289,1973122.5
3290,281045.385
3291,268568.705
3292,244546.125
3293,684945.23
3294,420168.69
3295,783442.045
3296,453553.44833333336
3297,391586.565
3298,306119.015
3299,275410.665
3300,396680.355
3301,521095.55
3302,449880.5
3303,960436.0
3304,818166.245
3305,517423.52
3306,544754.7133333333
3307,1118153.685
3308,1264289.2066666668
3309,880038.84
3310,719162.875
3311,413183.44
3312,1197034.8
3313,270802.57
3314,494218.45
3315,775033.075
3316,1773932.1666666665
3317,481816.35
3318,363737.355
3319,405164.995
3320,254831.555
3321,315251.165
3322,511127.47
3323,731501.69
3324,351721.035
3325,362843.03
3326,1392678.625
3327,422428.4
3328,340106.25
3329,230908.00833333336
3330,350626.5
3331,534374.1983333334
3332,380632.14
3333,202477.81333333335
3334,273918.48
3335,809982.5
3336,673802.505
3337,551057.48
3338,1209810.7583333335
3339,457859.115
3340,515775.23333333334
3341,444685.65
3342,529473.21
3343,371982.88
3344,628753.52
3345,207813.4270833333
3346,1210498.88
3347,758701.14
3348,230542.0
3349,264249.1
3350,650146.59
3351,915502.185
3352,248449.05666666667
3353,544577.5833333333
3354,577452.655
3355,335452.25
3356,378773.1616666666
3357,908458.445
3358,568485.33
3359,433648.015
3360,207364.025
3361,388506.5
3362,237956.28333333335
3363,403482.335
3364,333405.33
3365,386605.315
3366,214493.6
3367,564362.45
3368,287563.735
3369,727063.625
3370,1205042.69
3371,615758.31
3372,741717.68
3373,220454.985
3374,752873.015
3375,454682.56
3376,316098.555
3377,439970.375
3378,590884.605
3379,608176.97
3380,601844.1433333333
3381,438296.4
3382,546850.205
3383,370307.645
3384,515417.81
3385,439228.75
3386,584049.5
3387,395443.715
3388,917011.285
3389,1822868.25
3390,442214.33833333326
3391,334047.6
3392,976653.0
3393,314158.215
3394,403329.535
3395,464191.17
3396,709040.94
3397,517485.25
3398,354177.77
3399,535370.73
3400,462726.57666666666
3401,240027.41
3402,292407.74
3403,336863.925
3404,854148.5
3405,625860.75
3406,719297.28
3407,292616.6
3408,488965.63
3409,574596.15
3410,525409.995
3411,412188.525
3412,422586.995
3413,383765.14
3414,463337.745
3415,539452.955
3416,502338.705
3417,318302.38
3418,408997.0
3419,205882.375
3420,496805.925
3421,419826.45
3422,358531.35
3423,566899.65
3424,730499.925
3425,826662.62
3426,627687.25
3427,436321.82
3428,1288880.4833333334
3429,190348.745
3430,212216.60625
3431,967470.21
3432,365324.02166666667
3433,199966.21833333335
3434,470977.925
3435,198681.0208333333
3436,225127.0
3437,277460.0633333333
3438,268031.515
3439,479491.0916666666
3440,386343.815
3441,402236.135
3442,393357.2
3443,487214.24833333335
3444,497522.25
3445,383635.25
3446,397414.75
3447,334396.01
3448,495799.75
3449,609522.915
3450,401516.76
3451,844381.995
3452,1688277.0
3453,656666.475
3454,284693.15
3455,478244.535
3456,254949.98
3457,339754.82
3458,807252.2
3459,282525.8333333333
3460,214851.545
3461,615795.905
3462,267426.59
3463,912162.8
3464,184057.84833333336
3465,365231.95
3466,375670.585
3467,492306.25
3468,376157.02
3469,522492.255
3470,228541.39
3471,1976977.15
3472,745408.995
3473,369004.0
3474,1281308.05
3475,652941.03
3476,452199.81
3477,437063.91
3478,411988.89
3479,534950.25
3480,1080800.41
3481,584061.25
3482,350167.72
3483,538786.18
3484,353805.595
3485,300953.175
3486,545152.305
3487,505995.575
3488,327997.23
3489,244612.85
3490,795524.71
3491,319536.85
3492,610127.54
3493,650600.9733333334
3494,982925.75
3495,637042.835
3496,486707.48
3497,682719.775
3498,539490.235
3499,350192.4
3500,766980.925
3501,255139.65833333333
3502,243391.46666666665
3503,508203.795
3504,429511.49
3505,540639.34
3506,1339284.4
3507,626723.7
3508,550974.0
3509,1257803.2
3510,861026.47
3511,1604041.75
3512,531136.0
3513,299513.87125
3514,312437.42
3515,374297.07
3516,370563.4
3517,344339.4
3518,1457617.45
3519,265151.7916666666
3520,327493.58
3521,423291.71
3522,744493.37
3523,435860.175
3524,883909.185
3525,334353.165
3526,461254.67
3527,558266.7
3528,331373.21166666667
3529,506089.34
3530,1166897.4
3531,417119.355
3532,227974.97
3533,381900.695
3534,322301.425
3535,611770.75
3536,440980.91
3537,975526.945
3538,1441290.895
3539,556259.765
3540,790305.555
3541,270502.22
3542,554522.2
3543,398776.75
3544,300125.165
3545,271549.395
3546,290966.745
3547,391314.31
3548,476832.085
3549,612788.24
3550,197381.07
3551,246526.4
3552,510930.105
3553,530925.1166666667
3554,910830.635
3555,322699.54
3556,434270.735
3557,307816.495
3558,278576.745
3559,435542.0
3560,414105.03
3561,314530.72
3562,356502.425
3563,395883.44
3564,506184.585
3565,454960.91
3566,449136.95
3567,391121.875
3568,335473.7
3569,379141.83
3570,464119.5
3571,532559.72
3572,531103.475
3573,708165.53
3574,480525.06
3575,456160.82
3576,333368.19
3577,425615.895
3578,373118.19
3579,423185.07
3580,332089.68
3581,447967.325
3582,618341.65
3583,288669.78
3584,442187.75
3585,549031.885
3586,1085983.15
3587,304955.11
3588,720467.45
3589,379384.78
3590,304215.11
3591,317619.975
3592,422915.905
3593,573809.4
3594,331089.56
3595,551895.25
3596,315652.705
3597,729161.485
3598,444621.035
3599,453834.31
3600,265177.375
3601,341449.5
3602,214383.5
3603,879433.45
3604,462048.66666666674
3605,435930.45
3606,286123.18
3607,784072.535
3608,250575.7
3609,335487.73
3610,250924.05
3611,1411238.3
3612,1128886.415
3613,767459.9
3614,342871.045
3615,706376.935
3616,307892.225
3617,223227.07
3618,825151.91
3619,583453.49
3620,597878.725
3621,231788.735
3622,440356.0666666667
3623,277490.94
3624,445008.33
3625,234412.125
3626,578461.12
3627,474806.63
3628,165815.96
3629,202616.155
3630,583677.92
3631,445271.76
3632,332760.71
3633,492780.225
3634,251186.84
3635,385444.475
3636,389508.69
3637,687144.835
3638,315943.09
3639,705567.94
3640,237111.715
3641,315468.635
3642,283101.995
3643,523287.25
3644,535683.885
3645,643811.02
3646,277848.87
3647,290992.81
3648,524612.94
3649,664205.25
3650,509492.405
3651,405320.1
3652,304027.815
3653,622002.695
3654,454838.5
3655,586000.2433333334
3656,245105.25
3657,410983.37
3658,339564.32
3659,595179.55
3660,349786.045
3661,412059.09166666673
3662,462518.0
3663,568228.575
3664,507570.88
3665,303440.915
3666,251683.4166666667
3667,680142.315
3668,1591930.55
3669,651945.645
3670,1087568.5483333333
3671,644285.48
3672,639111.45
3673,1351784.1
3674,369227.28
3675,458678.06
3676,617516.05
3677,555613.77
3678,962369.28
3679,439159.085
3680,778515.37
3681,658904.4
3682,515327.175
3683,423270.715
3684,396492.725
3685,396084.25
3686,481601.365
3687,551286.975
3688,326175.97
3689,270404.92
3690,281798.645
3691,1022458.0
3692,316039.26
3693,302763.09
3694,369315.085
3695,409147.75
3696,1383928.39
3697,731549.75
3698,324373.75
3699,875040.115
3700,259617.995
3701,774162.5
3702,284611.345
3703,376931.25
3704,457577.725
3705,737001.865
3706,577203.365
3707,440079.25
3708,725309.905
3709,376523.855
3710,804587.69
3711,797504.635
3712,584281.09
3713,245292.58
3714,405827.425
3715,422892.025
3716,228802.28
3717,866468.225
3718,682137.84
3719,3110423.2
3720,338170.465
3721,494433.565
3722,420638.01
3723,425455.75
3724,430695.0716666667
3725,498223.75
3726,498205.54
3727,205776.06666666665
3728,325341.37
3729,701324.68
3730,263112.675
3731,415152.915
3732,382119.015
3733,458207.535
3734,576090.97
3735,586377.0
3736,428733.4
3737,170422.55
3738,532432.55
3739,636070.925
3740,519856.24166666664
3741,598111.2
3742,359829.345
3743,405503.885
3744,591794.385
3745,212852.165
3746,1300213.9
3747,310526.8
3748,176267.2
3749,334789.905
3750,1891486.0928571427
3751,215062.02166666667
3752,300441.4583333333
3753,471170.445
3754,267742.395
3755,483733.45
3756,626701.485
3757,2766462.75
3758,204637.45
3759,394938.105
3760,416977.855
3761,404123.89
3762,468254.0
3763,497433.5
3764,531076.385
3765,433934.315
3766,242501.25333333336
3767,306572.65
3768,822459.25
3769,754999.05
3770,286616.25
3771,183398.2666666667
3772,564849.745
3773,398318.115
3774,1312587.6666666665
3775,263954.515
3776,668235.02
3777,549567.19
3778,270059.735
3779,225043.95625
3780,1282918.41
3781,595017.895
3782,586956.89
3783,457864.88
3784,234035.5
3785,480989.835
3786,477491.295
3787,2188675.8
3788,648940.375
3789,990831.6
3790,349608.215
3791,753863.2
3792,569122.51
3793,268094.675
3794,270808.5033333333
3795,670278.01
3796,253582.4
3797,252213.165
3798,508862.48666666663
3799,372665.115
3800,882647.055
3801,259992.71
3802,658219.14
3803,299523.6166666667
3804,583036.26
3805,272512.76
3806,404234.08
3807,413806.875
3808,643602.8
3809,435331.38
3810,784883.28
3811,389022.135
3812,553958.0
3813,327903.17
3814,373557.785
3815,626922.175
3816,500470.5
3817,248409.125
3818,484168.29
3819,444049.485
3820,445768.225
3821,421201.525
3822,417987.125
3823,450452.0
3824,1041356.0
3825,548705.405
3826,529428.515
3827,189610.51
3828,241309.88833333337
3829,606177.2016666667
3830,1415679.8
3831,304845.1
3832,1443826.45
3833,2448396.25
3834,1328306.42
3835,260443.68
3836,236545.6
3837,471547.215
3838,500690.5
3839,367558.38
3840,611954.75
3841,287614.175
3842,243016.38
3843,521455.5
3844,293116.875
3845,598414.225
3846,236278.36333333337
3847,218548.35
3848,543929.905
3849,798328.375
3850,581511.385
3851,203576.97
3852,592710.2516666666
3853,263362.99
3854,558207.44
3855,446424.64
3856,507438.225
3857,346447.14
3858,370691.305
3859,430552.5
3860,340924.58
3861,1028251.95
3862,578172.0
3863,313860.8275
3864,1718152.3
3865,760148.575
3866,516710.56
3867,355648.355
3868,393794.115
3869,430360.045
3870,759633.16
3871,480243.8
3872,455782.69
3873,364924.975
3874,1423192.595
3875,452076.155
3876,522087.08
3877,392455.58
3878,346983.4
3879,307841.97
3880,665484.89
3881,725663.32
3882,213518.025
3883,828138.5
3884,724029.415
3885,398835.44
3886,305633.585
3887,479012.9
3888,591567.03
3889,319196.745
3890,268839.5
3891,1068137.25
3892,254304.59
3893,673389.21
3894,328959.875
3895,552074.1166666667
3896,318213.1
3897,183860.0
3898,835709.75
3899,617162.205
3900,799407.04
3901,262942.62
3902,202933.475
3903,2633497.5
3904,829449.105
3905,236302.91
3906,228066.6
3907,522062.085
3908,576447.365
3909,382994.645
3910,239210.0
3911,410584.18
3912,677498.83
3913,346050.565
3914,369655.75
3915,984331.2
3916,435383.02
3917,577895.0
3918,219141.01
3919,451372.29
3920,295056.945
3921,483051.94
3922,521948.35
3923,461887.925
3924,428942.125
3925,783147.75
3926,433355.0
3927,477531.915
3928,1298126.9
3929,460555.36666666664
3930,428740.875
3931,477054.94
3932,222960.4816666667
3933,341954.885
3934,363405.64
3935,2112728.5
3936,369677.125
3937,567953.755
3938,525551.4166666666
3939,582777.41
3940,548050.725
3941,635056.245
3942,556888.8
3943,731932.4966666667
3944,1685703.45
3945,863484.98
3946,622504.97
3947,2175241.75
3948,805150.75
3949,482625.115
3950,267580.105
3951,1327163.42
3952,277212.23
3953,641962.98
3954,415464.95
3955,681328.19
3956,1349014.85
3957,248826.685
3958,882921.71
3959,556065.64
3960,543341.045
3961,498560.75
3962,340413.245
3963,239732.25
3964,320052.41
3965,517853.5683333333
3966,1552031.425
3967,705255.505
3968,564679.075
3969,498449.125
3970,361717.58
3971,406884.8083333333
3972,274450.73333333334
3973,323702.9
3974,539082.055
3975,804340.4
3976,1066022.885
3977,327757.75
3978,379098.69
3979,682860.675
3980,372311.0
3981,270809.4016666666
3982,351669.4333333333
3983,786019.025
3984,410488.215
3985,286689.655
3986,296080.76
3987,485744.795
3988,416514.79
3989,1104210.845
3990,657214.875
3991,230762.0725
3992,971235.75
3993,1219551.0
3994,376569.975
3995,322055.365
3996,325030.97
3997,203522.875
3998,862014.465
3999,1507176.8
4000,740470.19
4001,651807.62
4002,274586.08166666667
4003,344722.325
4004,416400.985
4005,227784.575
4006,407230.265
4007,338085.0
4008,300238.07
4009,357343.65
4010,411145.5
4011,802078.825
4012,612199.5
4013,305421.375
4014,415878.21
4015,354730.81
4016,238746.79
4017,434908.75
4018,218746.46666666665
4019,371335.39
4020,568924.38
4021,321658.385
4022,595302.45
4023,750499.835
4024,396262.57
4025,764537.37
4026,454696.255
4027,628949.9966666666
4028,613039.94
4029,616822.375
4030,413598.255
4031,405420.15
4032,447110.92
4033,216275.75708333333
4034,265115.45
4035,565644.085
4036,223589.51
4037,576754.76
4038,436316.5
4039,1021163.955
4040,346347.09
4041,173173.73166666663
4042,543817.545
4043,221538.505
4044,1120995.725
4045,393766.99
4046,362520.0
4047,281324.385
4048,541614.625
4049,827175.245
4050,503059.505
4051,673953.5
4052,570174.27
4053,608159.9916666667
4054,636797.375
4055,338102.12
4056,227689.435
4057,677953.405
4058,1091865.45
4059,416919.25
4060,335326.93
4061,1328448.97
4062,431084.76
4063,225172.325
4064,223240.33333333337
4065,455162.495
4066,410295.695
4067,330172.0
4068,727436.025
4069,418055.58
4070,585028.55
4071,752164.45
4072,312446.72
4073,290239.69833333336
4074,1069862.795
4075,526189.19
4076,294648.73
4077,744434.575
4078,604677.28
4079,604790.78
4080,456684.705
4081,405008.61
4082,645817.26
4083,462422.195
4084,814733.92
4085,604060.65
4086,469623.38
4087,677720.395
4088,566420.49
4089,389074.5583333333
4090,291504.545
4091,360473.915
4092,660210.12
4093,277550.80833333335
4094,686949.14
4095,769823.1
4096,383713.555
4097,357392.45
4098,564994.45
4099,239675.5
4100,788429.5
4101,1289542.235
4102,1207608.8333333333
4103,374218.15
4104,687812.56
4105,599110.005
4106,394460.65
4107,797438.9
4108,1175943.5
4109,455157.96
4110,471765.205
4111,661081.385
4112,332501.225
4113,568431.99
4114,1282714.9333333333
4115,325756.745
4116,368324.46
4117,243238.75
4118,441350.955
4119,553478.1
4120,561278.34
4121,737735.62
4122,214656.25
4123,277072.87500000006
4124,475811.75
4125,925763.165
4126,613071.82
4127,664970.42
4128,959916.82
4129,503411.2
4130,498955.5
4131,726875.3666666667
4132,331247.125
4133,389143.18
4134,263513.165
4135,349468.8
4136,253613.56666666665
4137,577310.0
4138,462337.095
4139,258476.06
4140,500467.735
4141,441478.2683333333
4142,386053.79
4143,1084006.625
4144,418169.63
4145,353519.34
4146,513640.425
4147,1095183.77
4148,1087140.1749999998
4149,437630.25
4150,714678.165
4151,830843.3283333333
4152,624853.75
4153,500601.90833333327
4154,740999.88
4155,503407.25
4156,514136.25
4157,571382.995
4158,486816.45
4159,725277.8
4160,190251.23
4161,418550.43666666665
4162,339744.625
4163,476928.56
4164,216800.225
4165,1199859.5
4166,229067.42857142858
4167,528282.94
4168,301676.825
4169,490140.165
4170,471268.96666666673
4171,564228.805
4172,277662.41
4173,739710.08
4174,469837.33
4175,1419228.44
4176,608537.675
4177,3471410.5
4178,1097796.4
4179,349523.49
4180,608874.45
4181,572301.875
4182,788105.85
4183,285935.78
4184,428169.4333333333
4185,658015.985
4186,513227.915
4187,522025.875
4188,1488331.21
4189,328522.22
4190,707740.525
4191,320023.7
4192,204198.88458333333
4193,433279.145
4194,644348.575
4195,602564.99
4196,288395.725
4197,549739.515
4198,254696.745
4199,891973.13
4200,398425.47
4201,239266.8
4202,538785.195
4203,467475.455
4204,365548.735
4205,410513.71
4206,653594.915
4207,298991.04
4208,589148.0
4209,706635.625
4210,387411.19
4211,967068.135
4212,509151.185
4213,482018.545
4214,540928.825
4215,593110.79
4216,235185.51
4217,3882688.25
4218,513467.115
4219,505095.74
4220,376250.0
4221,326988.55
4222,631800.58
4223,547979.49
4224,324324.34
4225,805301.805
4226,1377309.75
4227,1662061.34
4228,215169.08
4229,302624.63
4230,1124801.7
4231,2280618.0
4232,358793.6
4233,276314.59375
4234,392371.87
4235,418385.82
4236,519272.5
4237,230545.09
4238,348486.215
4239,759517.1
4240,623850.13
4241,776656.115
4242,593821.35
4243,243729.94166666665
4244,711251.825
4245,647267.545
4246,284936.045
4247,469235.3
4248,577491.625
4249,249548.03499999997
4250,479467.34
4251,922054.365
4252,502384.865
4253,743699.8266666667
4254,397815.07
4255,576492.25
4256,328431.755
4257,755173.75
4258,688493.625
4259,690512.775
4260,661474.08
4261,340672.58833333326
4262,1116965.5
4263,284576.75
4264,232027.145
4265,799632.88
4266,359243.59
4267,945022.545
4268,685299.205
4269,862174.53
4270,273468.79
4271,267815.73
4272,1054031.085
4273,398905.375
4274,377242.865
4275,318699.49
4276,605152.52
4277,445263.75
4278,371674.45
4279,350230.775
4280,236298.75
4281,322801.07
4282,276353.88
4283,1692987.65
4284,593104.24
4285,333930.5
4286,729836.1583333334
4287,558111.75
4288,155368.67
4289,441335.5
4290,404134.25
4291,359612.76
4292,473519.645
4293,322565.205
4294,442156.295
4295,593276.3783333333
4296,274533.12
4297,1122961.6
4298,398578.5
4299,513133.06
4300,346735.125
4301,204064.985
4302,602074.95
4303,375419.7
4304,245740.22
4305,362821.91
4306,567876.455
4307,471486.825
4308,941464.67
4309,226345.125
4310,349240.37
4311,735998.5666666665
4312,359080.49
4313,298441.76
4314,243142.4
4315,489735.23
4316,258889.88166666665
4317,1054044.5
4318,336016.3
4319,704318.19
4320,286288.475
4321,581950.65
4322,341725.65
4323,390127.79
4324,293401.09
4325,193401.25
4326,279422.365
4327,519720.405
4328,516583.1
4329,452004.735
4330,929487.44
4331,584945.75
4332,296450.36666666664
4333,253341.55
4334,330636.665
4335,278868.525
4336,207300.875
4337,338402.86
4338,347825.15
4339,425492.505
4340,1035761.685
4341,314308.3666666667
4342,334640.1
4343,790013.8
4344,501118.875
4345,403395.4
4346,272464.175
4347,1079928.74
4348,437025.85
4349,851423.51
4350,662857.945
4351,549084.9866666667
4352,276698.96
4353,460892.475
4354,1200627.145
4355,246514.705
4356,249921.275
4357,502610.75
4358,877036.19
4359,735146.7
4360,480852.425
4361,328162.3333333334
4362,549422.045
4363,788944.745
4364,346282.755
4365,389620.3
4366,354546.3
4367,398713.705
4368,536234.025
4369,859736.4
4370,1412786.9
4371,558464.8
4372,582039.01
4373,547904.78
4374,1031065.945
4375,306342.085
4376,272274.355
4377,582440.17
4378,439600.145
4379,253281.88333333336
4380,349121.7
4381,356008.47
4382,298135.49
4383,772176.5
4384,1146830.345
4385,690934.04
4386,406315.19
4387,300304.695
4388,1134508.85
4389,320766.395
4390,519495.32
4391,319607.505
4392,534141.45
4393,555009.66
4394,483134.12
4395,494741.7083333334
4396,599628.2
4397,304604.96
4398,357624.79
4399,586012.745
4400,347546.775
4401,568766.0
4402,573500.225
4403,770283.5
4404,501149.75
4405,382154.23
4406,203905.26666666663
4407,347555.595
4408,974906.44
4409,312363.5825
4410,214256.45833333337
4411,186194.31
4412,278457.43
4413,496702.91
4414,317385.76875
4415,564481.11
4416,259106.16166666665
4417,420179.34
4418,416974.17
4419,1588065.7
4420,400166.01
4421,499954.095
4422,466527.6575
4423,257988.9642857143
4424,366946.51
4425,576539.08
4426,662575.38
4427,637638.58
4428,337732.26
4429,265113.28
4430,423218.425
4431,446337.465
4432,669651.71
4433,363818.8
4434,1492966.02
4435,292420.055
4436,598191.5
4437,266923.185
4438,162056.23833333334
4439,333563.75
4440,780487.35
4441,1285594.85
4442,443146.325
4443,268241.19166666665
4444,594037.1
4445,447172.155
4446,253538.63
4447,740617.775
4448,334205.47
4449,290873.66
4450,576538.825
4451,292891.555
4452,250135.265
4453,331255.96
4454,286951.205
4455,321049.225
4456,564286.6
4457,744912.125
4458,795919.64
4459,611597.15
4460,709566.88
4461,310697.785
4462,623255.855
4463,364356.91
4464,401067.65
4465,279565.555
4466,327275.34
4467,375907.275
4468,780884.16
4469,753133.07
4470,301455.27
4471,501824.49
4472,921751.235
4473,906420.725
4474,850304.595
4475,249918.295
4476,768624.25
4477,197240.94333333333
4478,1220787.1
4479,421120.22
4480,391675.25
4481,358779.26
4482,852483.615
4483,915134.995
4484,768003.725
4485,374945.25
4486,327702.48
4487,353840.095
4488,200024.47
4489,506567.87
4490,271867.225
4491,269208.7533333333
4492,997463.39
4493,428145.825
4494,327865.255
4495,752638.55
4496,535891.4166666666
4497,451421.8633333333
4498,467261.485
4499,692253.11
4500,346992.75
4501,1285373.85
4502,402046.995
4503,630389.595
4504,309782.595
4505,343562.46
4506,900204.885
4507,510029.25
4508,463257.375
4509,344472.9
4510,614331.575
4511,443121.75
4512,470951.71
4513,544049.0
4514,732715.485
4515,190144.6
4516,275985.37
4517,1032351.985
4518,639831.75
4519,755215.71
4520,337596.495
4521,249390.575
4522,250287.22333333333
4523,342947.5
4524,321183.325
4525,327020.95
4526,311587.825
4527,810163.58
4528,663184.555
4529,317305.185
4530,2298416.0
4531,757780.86
4532,670931.84
4533,488540.17
4534,345605.39
4535,386851.05
4536,224294.23
4537,584153.535
4538,421434.3
4539,2127952.5
4540,461161.98666666663
4541,744386.045
4542,812912.715
4543,312901.81333333335
4544,907588.015
4545,185952.9125
4546,297777.44833333336
4547,410467.8
4548,464445.0
4549,854682.985
4550,429355.775
4551,363787.165
4552,448935.495
4553,341297.1
4554,403829.2
4555,969062.345
4556,755489.7
4557,279441.79
4558,202697.66
4559,247870.96166666667
4560,218797.515
4561,735157.65
4562,541424.87
4563,895498.1
4564,1346725.1
4565,590766.5733333334
4566,574888.18
4567,462030.93
4568,398111.43
4569,630008.28
4570,1056716.22
4571,208320.25
4572,1323958.3
4573,457794.48
4574,350181.149047619
4575,282043.16
4576,654867.525
4577,573714.56
4578,330890.29
4579,288400.255
4580,345154.39
4581,247640.56833333333
4582,774175.975
4583,1103719.01
4584,963328.48
4585,193773.19208333336
4586,1281858.22
4587,451948.5
4588,344159.125
4589,1111991.34
4590,350943.36
4591,541487.08
4592,523376.875
4593,426887.565
4594,464032.4
4595,260720.775
4596,348060.98
4597,411459.93
4598,633081.415
4599,590044.5
4600,291924.31
4601,668182.135
4602,408227.5
4603,294354.275
4604,325722.25
4605,949852.5
4606,303865.1
4607,425688.225
4608,224452.01
4609,336718.325
4610,455916.585
4611,323715.925
4612,1226411.755
4613,310654.18
4614,208942.82
4615,631487.745
4616,406327.9
4617,350400.2
4618,392775.4
4619,457915.19
4620,641300.795
4621,524889.275
4622,314469.22
4623,822977.5
4624,202110.84
4625,274833.54
4626,433198.37
4627,272250.125
4628,371358.875
4629,208157.695
4630,643917.955
4631,496283.63
4632,397065.1183333333
4633,440982.75
4634,808661.4
4635,513974.125
4636,860929.95
4637,959392.32
4638,333645.88
4639,459554.93
4640,426589.34
4641,466567.525
4642,600807.375
4643,377871.25
4644,607152.415
4645,445763.75
4646,397934.5
4647,511474.625
4648,254624.285
4649,343409.75
4650,333777.55
4651,1202840.9
4652,366351.24
4653,314026.695
4654,939615.14
4655,307198.39
4656,393840.665
4657,477651.73
4658,618423.35
4659,780417.16
4660,1665039.375
4661,220149.695
4662,452340.1
4663,427763.575
4664,529516.91
4665,1266953.22
4666,2560639.6333333333
4667,483591.655
4668,270089.7275
4669,287637.73
4670,564516.45
4671,701940.44
4672,772129.75
4673,239251.245
4674,727318.71
4675,566590.575
4676,727948.985
4677,396856.765
4678,217776.33
4679,442509.75
4680,609637.82
4681,521192.75
4682,667481.515
4683,219477.68
4684,318225.925
4685,323316.77
4686,336186.175
4687,254433.31
4688,755343.395
4689,254786.75
4690,486097.125
4691,812085.5
4692,518434.45
4693,365361.25
4694,219546.44
4695,291610.155
4696,502476.04
4697,164699.68166666667
4698,280426.64
4699,798255.83
4700,456752.175
4701,426959.4
4702,470252.73
4703,328878.675
4704,313519.45
4705,260504.29833333337
4706,447748.04
4707,1141916.005
4708,681761.39
4709,440226.85
4710,234182.565
4711,357580.69
4712,259533.245
4713,404840.365
4714,374644.97166666674
4715,391526.74
4716,599978.425
4717,730739.215
4718,702369.225
4719,808500.5
4720,308533.5
4721,503012.5
4722,289471.165
4723,341719.535
4724,665933.735
4725,354399.27
4726,413239.75
4727,1005042.8
4728,864874.57
4729,571072.525
4730,904894.575
4731,402331.25
4732,496071.105
4733,322305.555
4734,329240.145
4735,340382.725
4736,445023.595
4737,439367.63333333336
4738,318250.50666666665
4739,388302.88
4740,451360.25
4741,243606.625
4742,257473.39
4743,358377.105
4744,413933.2
4745,183074.18333333335
4746,345730.1
4747,477466.875
4748,315706.815
4749,791145.26
4750,326888.76166666666
4751,230084.785
4752,625721.08
4753,322660.54
4754,413139.69
4755,694779.25
4756,420813.55
4757,501685.615
4758,437220.26
4759,267917.25
4760,335157.05
4761,357762.9
4762,541109.525
4763,240313.29
4764,517708.99
4765,616425.94
4766,489327.9083333334
4767,251008.125
4768,2487913.3
4769,418925.2
4770,327921.325
4771,814130.865
4772,929947.45
4773,1140069.7
4774,729893.75
4775,340916.195
4776,415190.125
4777,264937.695
4778,487761.04
4779,365312.61
4780,614154.295
4781,347075.115
4782,320694.06
4783,1591458.6
4784,496417.875
4785,258288.25
4786,465121.675
4787,594063.01
4788,208417.66208333333
4789,385338.89
4790,284447.64
4791,596067.895
4792,583621.775
4793,329994.95
4794,316258.47
4795,332732.495
4796,412234.7
4797,916274.0
4798,374346.655
4799,402305.325
4800,840571.78
4801,766381.985
4802,2064656.0
4803,259767.13
4804,766457.38
4805,264611.88
4806,343554.24
4807,506560.0
4808,583831.515
4809,310496.8875
4810,409792.46
4811,528354.0916666667
4812,515780.775
4813,477198.225
4814,313585.4
4815,773374.0833333335
4816,498565.35666666663
4817,607556.1
4818,364601.58
4819,385968.18166666664
4820,645547.765
4821,694033.82
4822,241042.07
4823,578016.555
4824,256364.24666666667
4825,367876.785
4826,544788.745
4827,541972.995
4828,387265.95
4829,716768.745
4830,195387.59999999998
4831,852014.25
4832,398498.435
4833,847346.445
4834,775633.085
4835,1064278.025
4836,666135.385
4837,402236.545
4838,317560.8125
4839,498034.375
4840,485102.07
4841,269284.81333333335
4842,428341.275
4843,773119.875
4844,340637.305
4845,422422.475
4846,189804.765
4847,450056.42
4848,1322512.04
4849,520401.82
4850,753805.255
4851,540993.41
4852,497444.415
4853,656835.355
4854,999010.27
4855,230038.505
4856,380789.66
4857,1007108.45
4858,562909.75
4859,2132879.3
4860,825469.43
4861,579417.75
4862,222677.71
4863,404890.36
4864,573852.58
4865,249927.18
4866,319689.3
4867,258165.205
4868,445923.275
4869,177269.43476190476
4870,243961.825
4871,325990.465
4872,276340.675
4873,500715.915
4874,333626.46
4875,232992.2333333333
4876,382864.615
4877,282128.58333333326
4878,744089.95
4879,469865.5
4880,391613.59
4881,366045.75
4882,327092.69
4883,585664.16
4884,656428.75
4885,335936.8
4886,391126.8
4887,366097.995
4888,237710.51
4889,327955.335
4890,240497.125
4891,408075.37
4892,262294.935
4893,338940.02
4894,1067209.42
4895,347317.59
4896,858273.07
4897,955704.085
4898,851950.02
4899,277492.4
4900,946486.41
4901,339664.41
4902,996436.9
4903,360387.145
4904,623383.0
4905,439812.205
4906,288201.875
4907,363552.18
4908,561338.865
4909,661540.58
4910,433803.2
4911,576782.01
4912,987134.75
4913,222828.775
4914,511749.75
4915,586078.9066666666
4916,992038.19
4917,286703.995
4918,525608.625
4919,412929.84
4920,399241.25
4921,536753.2
4922,516140.8
4923,270990.525
4924,944329.2
4925,1180423.62
4926,368543.10799999995
4927,470174.35
4928,253530.11
4929,193436.165
4930,308937.73
4931,681654.32
4932,259131.03125
4933,654787.25
4934,342347.54
4935,366993.5
4936,231500.5
4937,402313.315
4938,632496.595
4939,642441.28
4940,356604.685
4941,518100.51833333337
4942,292436.725
4943,552028.39
4944,193657.125
4945,198185.5833333333
4946,403164.75
4947,335118.61
4948,499313.805
4949,848524.0
4950,522444.085
4951,747438.45
4952,228390.71
4953,735103.24
4954,359541.65
4955,246977.975
4956,1313130.94
4957,542474.565
4958,629003.805
4959,609747.71
4960,237379.99
4961,495458.94
4962,423591.755
4963,1342437.17
4964,669844.52
4965,436920.185
4966,1015986.6
4967,715549.99
4968,736290.13
4969,534290.295
4970,1485654.6666666665
4971,397633.82
4972,324649.14
4973,476651.91
4974,268673.715
4975,341214.155
4976,700246.285
4977,965754.11
4978,1369049.85
4979,1479346.46
4980,524848.63
4981,460003.75
4982,348502.475
4983,531245.69
4984,869333.095
4985,375441.335
4986,382457.78
4987,1285431.3333333333
4988,1360592.85
4989,812003.885
4990,888019.25
4991,491934.51
4992,181414.025
4993,344117.9
4994,397384.88
4995,820873.5833333333
4996,263003.175
4997,304155.555
4998,722383.525
4999,373525.965
5000,302655.76
5001,618943.475
5002,530403.345
5003,732170.12
5004,294148.69
5005,254629.57
5006,804600.725
5007,323951.25
5008,426855.1033333333
5009,250259.35
5010,673944.45
5011,821492.5
5012,431114.94
5013,390909.68
5014,354196.51
5015,257744.01166666663
5016,424029.94
5017,455222.66
5018,590081.435
5019,354841.83
5020,224857.14
5021,477564.455
5022,641485.505
5023,327909.0633333333
5024,254921.5
5025,529709.38
5026,565999.045
5027,356618.585
5028,277707.155
5029,508962.755
5030,185478.48166666663
5031,477492.54
5032,886746.05
5033,222135.845
5034,574251.855
5035,586229.0
5036,460400.755
5037,702272.8
5038,585791.77
5039,3532336.5
5040,341248.835
5041,499229.41
5042,383964.5
5043,264491.79
5044,313760.315
5045,872160.89
5046,531957.095
5047,221136.0416666667
5048,361837.025
5049,381736.55
5050,416219.815
5051,353680.99
5052,243973.19
5053,402623.875
5054,411582.4033333334
5055,431220.24
5056,396531.18
5057,449258.2
5058,699604.19
5059,381231.71
5060,511745.265
5061,250104.145
5062,434237.485
5063,408649.75
5064,542952.69
5065,368273.9
5066,247489.37833333336
5067,419716.325
5068,693418.04
5069,276153.76
5070,984321.46
5071,322084.365
5072,606633.425
5073,1098389.49
5074,359046.63
5075,492115.745
5076,452800.85
5077,648233.625
5078,231934.975
5079,234763.545
5080,616316.08
5081,455516.67
5082,484186.795
5083,526043.0
5084,375129.925
5085,219768.35
5086,2654871.9
5087,645277.625
5088,733631.415
5089,323544.335
5090,245593.11
5091,628605.21
5092,286272.115
5093,1044029.22
5094,690626.35
5095,366533.27
5096,440790.05
5097,513466.555
5098,700975.39
5099,644057.565
5100,806079.26
5101,532339.98
5102,575288.5
5103,691709.3
5104,504862.0
5105,773178.58
5106,336259.145
5107,706888.275
5108,277281.2191666667
5109,1069477.1
5110,846345.305
5111,608340.755
5112,412801.51
5113,446714.715
5114,267478.05
5115,691568.145
5116,845902.41
5117,706426.955
5118,815657.4
5119,569160.25
5120,783374.25
5121,627116.28
5122,1551915.0
5123,346339.475
5124,1510029.85
5125,517975.8
5126,335533.05
5127,435814.55
5128,735359.9166666665
5129,560401.36
5130,1247487.4
5131,243909.20333333337
5132,325655.02
5133,380412.635
5134,354085.1216666667
5135,916148.72
5136,555239.205
5137,750239.25
5138,1314514.7
5139,436014.81
5140,645387.91
5141,370356.695
5142,847054.13
5143,383212.5
5144,500581.435
5145,770368.685
5146,388507.5825
5147,252192.48
5148,331853.0
5149,332415.75
5150,630029.975
5151,2666942.0
5152,369739.495
5153,1918972.0
5154,787134.255
5155,386180.315
5156,255274.0
5157,1114267.25
5158,574001.9920833333
5159,1261046.985
5160,834654.8666666666
5161,666747.4
5162,332311.865
5163,318030.2866666666
5164,842138.515
5165,205954.315
5166,1174920.1416666666
5167,797214.715
5168,680352.115
5169,417598.735
5170,656656.95
5171,290010.01
5172,776773.75
5173,432110.265
5174,731514.825
5175,285660.815
5176,361783.935
5177,166560.56
5178,923595.87
5179,452164.25
5180,432629.25
5181,276824.315
5182,579559.545
5183,486229.795
5184,318271.075
5185,214091.735
5186,420890.655
5187,473600.34
5188,434641.255
5189,430906.405
5190,263195.76
5191,361640.5
5192,376782.0
5193,375579.75
5194,508557.93
5195,261172.88
5196,662870.27
5197,503759.8
5198,474955.31
5199,637342.575
5200,685940.98
5201,496276.645
5202,724338.425
5203,984028.77
5204,365354.125
5205,436451.955
5206,647770.34
5207,570355.325
5208,761047.47
5209,196887.135
5210,1119826.01
5211,355652.895
5212,2082062.25
5213,750779.03
5214,733873.68
5215,493265.175
5216,629323.1566666666
5217,317874.92
5218,426961.35666666663
5219,278928.875
5220,431736.21
5221,610887.245
5222,303219.155
5223,197422.25
5224,594078.52
5225,366864.675
5226,604762.335
5227,239516.945
5228,643801.575
5229,938749.535
5230,347858.18
5231,361762.185
5232,335355.515
5233,494434.6
5234,328454.87
5235,652764.25
5236,851309.42
5237,856757.1666666665
5238,228309.21875
5239,229439.29
5240,422571.5
5241,555313.13
5242,847678.03
5243,358992.865
5244,973857.875
5245,299609.05
5246,345572.0
5247,259893.755
5248,217244.94
5249,465420.525
5250,284400.455
5251,398918.25
5252,412957.19
5253,386475.045
5254,857221.55
5255,275083.2
5256,688423.33
5257,795706.0
5258,502023.69
5259,364841.47
5260,388901.06
5261,456124.0
5262,270277.135
5263,542917.865
5264,348222.085
5265,284364.26
5266,646577.28
5267,705734.25
5268,411274.55
5269,834831.87
5270,274582.5233333334
5271,904893.0
5272,344860.52
5273,584958.615
5274,444028.53
5275,255469.25
5276,265150.025
5277,550740.415
5278,265271.92500000005
5279,244150.875
5280,412987.84
5281,895170.46
5282,205616.7
5283,607444.37
5284,610944.75
5285,307983.95
5286,456550.305
5287,681159.95
5288,412437.94
5289,294913.0
5290,771643.93
5291,484188.6583333334
5292,472242.93
5293,2321956.25
5294,416090.75
5295,376434.74
5296,1084314.36
5297,444575.5
5298,382772.445
5299,306550.44
5300,626801.75
5301,349396.25
5302,656245.735
5303,477920.1
5304,321737.3
5305,602719.35
5306,674811.5683333335
5307,498348.15
5308,615737.68
5309,434212.075
5310,501784.45
5311,344859.715
5312,571617.56
5313,523832.25
5314,282550.225
5315,787330.77
5316,724585.75
5317,361495.89
5318,428471.19
5319,306680.575
5320,932961.18
5321,244801.03666666665
5322,255839.24
5323,745010.62
5324,407759.775
5325,428042.46
5326,412362.085
5327,634823.75
5328,641389.85
5329,549732.7633333333
5330,272307.625
5331,199380.585
5332,307829.75
5333,475656.415
5334,373356.085
5335,665961.65
5336,885466.91
5337,456888.32
5338,270842.6166666667
5339,951527.105
5340,598900.945
5341,710655.965
5342,286411.25
5343,751670.9
5344,633779.715
5345,247852.9
5346,315486.045
5347,264620.07
5348,259824.495
5349,441278.64
5350,1590583.6
5351,181124.38166666668
5352,526434.395
5353,413546.705
5354,241500.75
5355,350602.32
5356,342884.02666666673
5357,773158.865
5358,966490.43
5359,538131.8383333333
5360,479599.57
5361,532718.85
5362,504865.865
5363,779719.29
5364,546414.77
5365,571781.515
5366,1323009.55
5367,1563104.583333333
5368,308218.505
5369,185792.5
5370,296989.5
5371,591174.0833333333
5372,340088.765
5373,258508.93
5374,751531.3
5375,441430.545
5376,255480.515
5377,229196.75
5378,1148892.25
5379,240404.68
5380,1523702.22
5381,292499.25
5382,1883250.5
5383,496854.245
5384,440619.75
5385,554183.0516666666
5386,337563.68
5387,303708.75
5388,341621.465
5389,351106.5
5390,385275.065
5391,299047.805
5392,365037.26
5393,368210.92
5394,651306.825
5395,1005871.035
5396,429733.295
5397,413457.23
5398,772125.245
5399,703479.035
5400,639291.975
5401,285751.88
5402,1821644.3
5403,319988.55375
